date,symbol,volume,open,high,low,close,transactions,daily_change_pct
2020/1/2,2308,2721085,152.5,152.5,150.5,151.0,1764,0.0
2020/1/3,2308,6932546,152.0,152.5,149.0,151.5,3386,0.0033
2020/1/6,2308,6311505,150.0,151.0,147.5,149.0,3433,-0.0165
2020/1/7,2308,8304026,148.0,151.0,146.5,149.0,4587,0.0
2020/1/8,2308,5376586,148.5,149.0,147.0,148.0,2629,-0.0067
2020/1/9,2308,10675849,149.0,152.5,149.0,152.0,4964,0.027
2020/1/10,2308,6079101,152.5,154.5,149.5,151.0,2926,-0.0066
2020/1/13,2308,5115905,152.5,152.5,148.5,149.5,2963,-0.0099
2020/1/14,2308,4665147,150.5,151.5,149.5,151.0,2400,0.01
2020/1/15,2308,9133097,151.0,151.0,147.5,148.5,3027,-0.0166
2020/1/16,2308,6949114,148.5,151.0,148.0,151.0,3646,0.0168
2020/1/17,2308,6215796,151.5,152.0,149.5,152.0,2833,0.0066
2020/1/20,2308,9947821,152.0,154.0,151.0,152.5,5624,0.0033
2020/1/30,2308,14343231,151.0,151.0,142.0,143.0,6747,-0.0623
2020/1/31,2308,7267146,144.5,147.0,142.0,143.0,3625,0.0
2020/2/3,2308,5632380,139.0,141.0,137.5,140.5,3439,-0.0175
2020/2/4,2308,4574291,140.5,143.0,140.0,142.5,2592,0.0142
2020/2/5,2308,6903967,141.5,146.0,141.5,145.5,3660,0.0211
2020/2/6,2308,3104143,146.0,147.5,145.0,147.0,1749,0.0103
2020/2/7,2308,4951145,145.0,146.0,143.0,143.5,3110,-0.0238
2020/2/10,2308,5037828,142.0,143.0,141.5,143.0,3175,-0.0035
2020/2/11,2308,6482141,143.0,144.0,141.5,142.5,3511,-0.0035
2020/2/12,2308,6651708,142.5,145.0,142.0,144.0,3609,0.0105
2020/2/13,2308,4462817,144.0,146.0,143.5,145.5,2616,0.0104
2020/2/14,2308,5708755,144.0,147.0,144.0,146.5,2943,0.0069
2020/2/17,2308,3363519,145.0,145.5,144.0,144.5,1756,-0.0137
2020/2/18,2308,5212272,143.5,144.0,142.0,142.0,2761,-0.0173
2020/2/19,2308,3082938,144.5,145.0,142.5,143.5,2093,0.0106
2020/2/20,2308,4093280,144.0,145.0,142.5,144.0,2306,0.0035
2020/2/21,2308,3768904,144.5,145.0,142.5,144.5,1791,0.0035
2020/2/24,2308,4298383,142.0,143.0,141.0,141.5,2403,-0.0208
2020/2/25,2308,4551467,140.0,141.5,139.5,141.0,2513,-0.0035
2020/2/26,2308,4686411,140.0,143.0,140.0,142.0,2158,0.0071
2020/2/27,2308,6585642,142.0,143.0,140.0,140.0,2419,-0.0141
2020/3/2,2308,7135220,136.0,140.0,136.0,138.0,3440,-0.0143
2020/3/3,2308,4003159,139.5,140.0,138.0,138.0,2322,0.0
2020/3/4,2308,2633646,138.0,140.0,138.0,140.0,1402,0.0145
2020/3/5,2308,3561158,141.0,142.5,140.5,142.5,1849,0.0179
2020/3/6,2308,5236918,141.0,141.0,138.5,138.5,3037,-0.0281
2020/3/9,2308,10050978,135.5,137.0,133.0,133.0,5226,-0.0397
2020/3/10,2308,6663277,131.0,135.5,131.0,133.0,3504,0.0
2020/3/11,2308,8469601,134.0,135.5,133.0,133.0,3678,0.0
2020/3/12,2308,16543675,133.0,133.0,123.5,123.5,9213,-0.0714
2020/3/13,2308,24175226,114.0,121.0,111.5,120.0,10682,-0.0283
2020/3/16,2308,10533723,122.0,122.0,116.0,118.0,5593,-0.0167
2020/3/17,2308,8779939,114.0,119.0,113.5,115.5,4746,-0.0212
2020/3/18,2308,7516116,116.0,119.0,115.0,115.0,4962,-0.0043
2020/3/19,2308,11899271,113.5,116.0,110.0,111.0,6804,-0.0348
2020/3/20,2308,13676005,113.0,118.5,112.0,117.5,7022,0.0586
2020/3/23,2308,8552340,112.0,117.0,108.5,112.5,4426,-0.0426
2020/3/24,2308,6085189,114.5,119.0,114.5,115.0,3372,0.0222
2020/3/25,2308,8293471,118.0,119.5,118.0,119.0,3905,0.0348
2020/3/26,2308,4537205,121.0,121.0,118.0,120.0,2301,0.0084
2020/3/27,2308,7581766,123.0,124.0,117.0,118.0,3375,-0.0167
2020/3/30,2308,4758804,117.0,119.5,115.0,119.5,2431,0.0127
2020/3/31,2308,5193744,121.5,122.5,119.5,120.5,1931,0.0084
2020/4/1,2308,3350870,121.0,121.5,119.0,120.0,1641,-0.0041
2020/4/6,2308,8104734,120.0,120.0,116.0,119.0,4182,-0.0083
2020/4/7,2308,6979309,121.0,122.0,120.5,121.0,3108,0.0168
2020/4/8,2308,6482715,123.0,127.0,122.0,125.0,3703,0.0331
2020/4/9,2308,4468466,125.5,127.0,123.5,125.0,2460,0.0
2020/4/10,2308,6677037,126.5,129.0,125.5,128.0,4382,0.024
2020/4/13,2308,4315075,127.5,127.5,125.0,125.0,2597,-0.0234
2020/4/14,2308,9378126,127.0,132.0,126.5,132.0,5264,0.056
2020/4/15,2308,11666393,134.0,138.0,132.0,136.5,7169,0.0341
2020/4/16,2308,5379191,135.0,135.5,133.0,134.0,3306,-0.0183
2020/4/17,2308,6566191,135.5,137.5,134.5,134.5,3720,0.0037
2020/4/20,2308,7384361,132.5,133.5,130.5,131.0,4603,-0.026
2020/4/21,2308,5284793,131.0,133.5,128.0,128.5,3649,-0.0191
2020/4/22,2308,5063438,126.0,131.5,125.5,131.0,2782,0.0195
2020/4/23,2308,5550276,132.5,133.5,129.0,129.5,2658,-0.0115
2020/4/24,2308,2666278,129.5,131.0,129.0,131.0,1322,0.0116
2020/4/27,2308,5445481,133.0,135.0,131.5,133.5,3156,0.0191
2020/4/28,2308,3975866,135.0,135.5,134.0,135.0,2414,0.0112
2020/4/29,2308,6067575,136.0,138.0,135.5,138.0,3132,0.0222
2020/4/30,2308,15700190,139.0,143.0,138.5,140.0,6657,0.0145
2020/5/4,2308,9265086,142.0,142.0,135.0,136.0,5070,-0.0286
2020/5/5,2308,6619731,137.5,140.0,136.0,139.0,4353,0.0221
2020/5/6,2308,5461768,138.5,139.0,136.5,138.5,3043,-0.0036
2020/5/7,2308,2693070,138.5,140.0,137.5,139.0,1531,0.0036
2020/5/8,2308,5600668,140.5,141.0,138.5,140.0,2860,0.0072
2020/5/11,2308,4854469,141.5,141.5,139.0,140.0,2837,0.0
2020/5/12,2308,7171547,137.0,139.0,136.0,137.0,4298,-0.0214
2020/5/13,2308,8285650,133.5,140.5,133.5,140.5,3890,0.0255
2020/5/14,2308,7928006,140.5,142.5,138.5,140.0,4336,-0.0036
2020/5/15,2308,5793597,138.5,141.0,137.0,138.5,2881,-0.0107
2020/5/18,2308,4127933,138.5,139.0,137.0,137.0,1906,-0.0108
2020/5/19,2308,5147999,141.0,141.5,139.0,141.0,3089,0.0292
2020/5/20,2308,4247196,142.0,142.0,139.0,141.0,1980,0.0
2020/5/21,2308,6936445,141.0,142.0,140.0,141.5,2131,0.0035
2020/5/22,2308,3260510,141.5,141.5,137.5,138.0,1989,-0.0247
2020/5/25,2308,5079619,138.0,139.5,137.0,139.5,1468,0.0109
2020/5/26,2308,5125558,140.0,141.0,139.0,140.0,1638,0.0036
2020/5/27,2308,3782347,140.0,141.5,139.5,141.0,1677,0.0071
2020/5/28,2308,4313673,141.0,141.0,138.0,139.0,2381,-0.0142
2020/5/29,2308,6073740,138.5,139.0,137.5,138.0,1439,-0.0072
2020/6/1,2308,13975682,140.0,144.5,139.0,144.0,5464,0.0435
2020/6/2,2308,8152296,145.0,146.0,143.5,145.0,4708,0.0069
2020/6/3,2308,16368277,147.0,152.0,146.5,151.5,8906,0.0448
2020/6/4,2308,12417826,152.5,154.5,151.0,152.5,6937,0.0066
2020/6/5,2308,8306209,153.5,154.0,152.5,153.5,3884,0.0066
2020/6/8,2308,7348146,154.5,155.0,152.5,155.0,4248,0.0098
2020/6/9,2308,24471895,156.5,164.5,156.0,159.0,12435,0.0258
2020/6/10,2308,14512299,159.0,163.5,159.0,160.5,7958,0.0094
2020/6/11,2308,12699559,160.5,162.0,155.0,156.5,6104,-0.0249
2020/6/12,2308,10376078,153.0,156.5,152.5,155.0,5745,-0.0096
2020/6/15,2308,9064412,156.0,157.5,152.0,153.0,4564,-0.0129
2020/6/16,2308,10871550,156.0,159.0,155.5,157.0,6176,0.0261
2020/6/17,2308,10009396,158.0,159.0,155.5,159.0,5578,0.0127
2020/6/18,2308,17079540,162.0,164.0,160.0,162.5,9340,0.022
2020/6/19,2308,18824251,164.0,166.5,163.5,166.5,8898,0.0246
2020/6/22,2308,13681875,166.0,169.0,164.5,169.0,7507,0.015
2020/6/23,2308,14072873,168.5,171.0,165.5,170.0,7068,0.0059
2020/6/24,2308,10000369,170.0,172.0,167.0,168.0,5247,-0.0118
2020/6/29,2308,18193004,165.5,170.5,165.5,168.5,7404,0.003
2020/6/30,2308,9253730,169.5,170.5,167.0,167.5,5173,-0.0059
2020/7/1,2308,7606726,167.5,170.5,167.5,169.5,4687,0.0119
2020/7/2,2308,11493074,163.0,167.5,163.0,165.5,6601,-0.0236
2020/7/3,2308,12728030,165.5,171.0,165.5,169.5,6701,0.0242
2020/7/6,2308,18173611,171.0,180.5,171.0,176.5,9691,0.0413
2020/7/7,2308,9135303,179.0,180.0,172.0,175.0,5584,-0.0085
2020/7/8,2308,9877424,175.0,180.0,174.5,179.5,5730,0.0257
2020/7/9,2308,10855372,182.0,184.0,180.5,180.5,6022,0.0056
2020/7/10,2308,11400159,179.0,184.0,177.0,183.5,6793,0.0166
2020/7/13,2308,7361438,185.0,188.0,183.0,186.5,4154,0.0163
2020/7/14,2308,7007020,185.0,185.5,183.5,185.0,3141,-0.008
2020/7/15,2308,8359204,185.5,187.5,184.0,184.5,4112,-0.0027
2020/7/16,2308,10080511,185.5,186.0,182.0,185.0,4214,0.0027
2020/7/17,2308,11048128,185.0,189.5,183.5,184.0,6021,-0.0054
2020/7/20,2308,7720671,184.0,186.0,179.0,182.0,4078,-0.0109
2020/7/21,2308,9879211,184.5,189.5,184.0,185.5,5706,0.0192
2020/7/22,2308,14137213,187.0,194.0,186.0,192.5,7371,0.0377
2020/7/23,2308,6863573,192.5,192.5,188.0,190.0,4582,-0.013
2020/7/24,2308,8768086,187.0,189.5,184.5,184.5,5225,-0.0289
2020/7/27,2308,9826593,187.5,190.0,186.0,188.5,5859,0.0217
2020/7/28,2308,11908480,188.5,192.0,187.0,187.0,5149,-0.008
2020/7/29,2308,14013721,186.0,194.0,183.5,191.0,7736,0.0214
2020/7/30,2308,20483146,194.5,203.5,194.5,197.5,11754,0.034
2020/7/31,2308,18578797,197.5,203.0,194.5,200.0,8976,0.0127
2020/8/3,2308,14126764,201.0,208.0,201.0,202.5,8202,0.0125
2020/8/4,2308,11660591,203.0,207.5,202.5,207.5,6927,0.0247
2020/8/5,2308,10946317,208.0,209.5,201.5,204.5,7138,-0.0145
2020/8/6,2308,8173162,204.5,207.0,200.0,204.5,5343,0.0
2020/8/7,2308,7452559,203.5,204.0,199.0,200.5,4704,-0.0196
2020/8/10,2308,7715436,202.0,203.0,199.5,201.5,4423,0.005
2020/8/11,2308,8219496,205.0,205.0,198.5,199.5,4726,-0.0099
2020/8/12,2308,10995869,201.0,201.5,194.0,198.5,6447,-0.005
2020/8/13,2308,7843664,201.0,203.5,198.5,201.5,4529,0.0151
2020/8/14,2308,4379274,204.5,204.5,200.0,201.5,2518,0.0
2020/8/17,2308,3502261,202.5,204.0,201.0,204.0,2400,0.0124
2020/8/18,2308,4413719,203.0,203.5,199.5,201.5,2551,-0.0123
2020/8/19,2308,4427665,204.0,205.0,200.0,200.0,3073,-0.0074
2020/8/20,2308,11621231,201.5,202.5,188.0,190.5,6678,-0.0475
2020/8/21,2308,12193314,195.0,197.5,188.0,191.0,8743,0.0026
2020/8/24,2308,5683829,190.0,197.5,189.5,197.0,3682,0.0314
2020/8/25,2308,4015354,200.0,200.5,195.0,195.5,2748,-0.0076
2020/8/26,2308,3473396,197.0,197.5,193.5,197.0,1872,0.0077
2020/8/27,2308,4770717,197.5,198.0,192.0,193.5,3114,-0.0178
2020/8/28,2308,5529994,193.5,195.0,191.0,194.0,3138,0.0026
2020/8/31,2308,7108181,194.0,196.5,189.0,189.0,3651,-0.0258
2020/9/1,2308,8703033,190.0,192.5,186.5,190.5,4970,0.0079
2020/9/2,2308,6741935,194.5,194.5,188.0,189.5,3844,-0.0052
2020/9/3,2308,5954594,191.0,193.5,189.0,191.5,3814,0.0106
2020/9/4,2308,11301777,187.5,189.0,184.0,186.0,7427,-0.0287
2020/9/7,2308,7876587,185.5,187.0,180.0,182.0,4689,-0.0215
2020/9/8,2308,4195908,183.5,185.0,182.0,184.5,2374,0.0137
2020/9/9,2308,6699797,182.5,184.5,178.5,184.0,4181,-0.0027
2020/9/10,2308,3499176,184.0,185.5,182.0,185.5,2236,0.0082
2020/9/11,2308,5177242,185.0,188.0,184.0,187.5,2795,0.0108
2020/9/14,2308,4392422,190.0,191.0,187.5,189.0,2665,0.008
2020/9/15,2308,6082338,190.0,191.0,188.0,188.5,3267,-0.0026
2020/9/16,2308,4532883,190.0,191.0,189.0,191.0,3086,0.0133
2020/9/17,2308,2599798,190.0,192.5,190.0,191.0,1911,0.0
2020/9/18,2308,6990617,190.0,191.0,188.0,191.0,2519,0.0
2020/9/21,2308,2976117,191.0,192.0,189.0,190.0,1543,-0.0052
2020/9/22,2308,3939906,189.0,190.0,185.0,185.5,2619,-0.0237
2020/9/23,2308,5445713,186.5,188.0,183.5,185.0,3686,-0.0027
2020/9/24,2308,8655837,183.0,185.0,180.0,183.0,4704,-0.0108
2020/9/25,2308,8812854,181.5,182.5,176.0,176.5,5043,-0.0355
2020/9/28,2308,5812656,178.5,182.5,177.0,182.5,3620,0.034
2020/9/29,2308,6015722,184.0,187.5,183.0,185.0,3016,0.0137
2020/9/30,2308,5561374,187.5,189.5,185.5,189.0,3113,0.0216
2020/10/5,2308,9398771,189.0,192.0,188.0,189.5,3658,0.0026
2020/10/6,2308,5266598,190.5,191.5,188.5,191.5,3063,0.0106
2020/10/7,2308,5769108,192.0,192.0,189.0,191.0,3046,-0.0026
2020/10/8,2308,5057573,193.0,193.0,190.5,193.0,3243,0.0105
2020/10/12,2308,9609096,197.0,197.5,193.0,196.0,5014,0.0155
2020/10/13,2308,7885846,195.5,195.5,192.0,194.5,3583,-0.0077
2020/10/14,2308,5117607,196.0,196.0,193.5,194.0,2717,-0.0026
2020/10/15,2308,5876707,195.0,195.5,193.0,194.5,3261,0.0026
2020/10/16,2308,4788086,193.5,196.5,193.5,195.0,2991,0.0026
2020/10/19,2308,4745675,194.5,198.0,193.5,196.5,2766,0.0077
2020/10/20,2308,2860195,197.5,197.5,195.0,196.5,1584,0.0
2020/10/21,2308,4028540,198.0,198.5,195.5,196.5,2042,0.0
2020/10/22,2308,2528542,194.5,196.5,194.0,194.5,1235,-0.0102
2020/10/23,2308,4810258,195.0,195.0,191.5,192.0,2030,-0.0129
2020/10/26,2308,2985966,193.0,196.5,192.5,194.5,1790,0.013
2020/10/27,2308,10312375,194.5,203.0,194.0,203.0,5901,0.0437
2020/10/28,2308,8992302,202.5,204.5,198.0,200.5,5025,-0.0123
2020/10/29,2308,6254010,197.0,198.0,194.5,195.0,4000,-0.0274
2020/10/30,2308,13409049,196.0,196.0,189.0,190.0,4962,-0.0256
2020/11/2,2308,6457892,187.5,188.0,184.0,188.0,4080,-0.0105
2020/11/3,2308,4692008,187.5,189.5,186.5,188.0,3102,0.0
2020/11/4,2308,4035364,188.0,192.0,187.0,192.0,2818,0.0213
2020/11/5,2308,8319614,192.0,192.5,188.0,189.5,4281,-0.013
2020/11/6,2308,8969254,191.0,197.5,190.0,194.5,5815,0.0264
2020/11/9,2308,4029443,198.5,199.5,195.5,197.5,2701,0.0154
2020/11/10,2308,5472163,197.0,197.5,191.0,193.0,3623,-0.0228
2020/11/11,2308,5541424,193.0,196.0,193.0,195.0,3360,0.0104
2020/11/12,2308,13214912,197.0,203.5,196.0,202.0,7193,0.0359
2020/11/13,2308,4631049,202.5,202.5,197.0,200.5,3088,-0.0074
2020/11/16,2308,7921703,203.0,203.0,199.5,202.0,4288,0.0075
2020/11/17,2308,7871981,205.0,206.0,202.5,205.5,4034,0.0173
2020/11/18,2308,6357945,205.0,205.0,201.5,203.0,3587,-0.0122
2020/11/19,2308,8498157,204.5,209.0,204.0,208.0,5350,0.0246
2020/11/20,2308,5479747,210.0,210.5,205.0,209.0,3304,0.0048
2020/11/23,2308,7612480,212.5,214.0,209.5,212.0,3987,0.0144
2020/11/24,2308,4332785,212.5,213.0,206.5,209.5,3443,-0.0118
2020/11/25,2308,8045578,209.0,212.5,206.5,207.5,4196,-0.0095
2020/11/26,2308,9053189,210.0,216.0,209.5,216.0,5762,0.041
2020/11/27,2308,8761064,217.0,222.0,217.0,220.0,5243,0.0185
2020/11/30,2308,16497799,222.5,228.5,220.0,224.5,6901,0.0205
2020/12/1,2308,10944551,229.0,229.0,223.0,227.0,5155,0.0111
2020/12/2,2308,29789921,229.0,233.0,227.5,232.0,5616,0.022
2020/12/3,2308,9403052,230.0,237.5,229.0,237.0,5665,0.0216
2020/12/4,2308,12501962,237.0,248.0,236.5,247.0,8210,0.0422
2020/12/7,2308,17880330,254.0,262.5,249.0,250.0,12684,0.0121
2020/12/8,2308,13027393,250.0,253.0,246.0,249.0,7531,-0.004
2020/12/9,2308,7503334,248.5,253.5,248.5,251.0,4936,0.008
2020/12/10,2308,6333232,250.0,251.0,245.0,248.0,4955,-0.012
2020/12/11,2308,8871551,250.5,250.5,243.5,250.5,5073,0.0101
2020/12/14,2308,9535312,246.0,248.0,243.0,246.0,5734,-0.018
2020/12/15,2308,14756689,244.5,251.5,243.0,245.5,6618,-0.002
2020/12/16,2308,6952098,250.0,251.0,245.5,248.0,5047,0.0102
2020/12/17,2308,7775718,248.0,250.0,246.0,247.0,4140,-0.004
2020/12/18,2308,7318934,244.5,249.5,244.0,248.0,3733,0.004
2020/12/21,2308,8012829,248.5,258.0,246.5,258.0,5708,0.0403
2020/12/22,2308,7535373,256.5,256.5,245.5,247.0,6556,-0.0426
2020/12/23,2308,3675642,247.0,250.5,245.0,248.0,2806,0.004
2020/12/24,2308,4515371,248.5,252.0,247.0,247.5,2615,-0.002
2020/12/25,2308,2499181,249.0,252.0,248.5,249.0,1757,0.0061
2020/12/28,2308,4783885,252.0,256.0,250.5,254.5,3748,0.0221
2020/12/29,2308,2594838,255.0,257.0,252.5,255.5,2203,0.0039
2020/12/30,2308,6467664,256.0,261.0,254.5,260.0,4495,0.0176
2020/12/31,2308,7216301,265.0,265.0,260.0,263.0,4523,0.0115
2021/1/4,2308,9616722,263.5,271.0,262.5,265.0,6878,0.0076
2021/1/5,2308,18236900,270.0,283.0,269.5,276.5,12442,0.0434
2021/1/6,2308,30972893,284.0,303.5,282.0,298.0,22763,0.0778
2021/1/7,2308,25367203,298.0,321.5,298.0,316.0,18991,0.0604
2021/1/8,2308,30771661,319.0,325.0,306.0,310.0,25031,-0.019
2021/1/11,2308,16599358,307.0,314.0,302.0,313.0,13399,0.0097
2021/1/12,2308,18679892,315.5,323.5,312.5,314.0,14864,0.0032
2021/1/13,2308,16035160,312.0,315.5,310.5,312.5,11824,-0.0048
2021/1/14,2308,19227844,312.0,312.0,303.0,306.0,14190,-0.0208
2021/1/15,2308,20027526,304.0,313.0,297.0,299.5,19954,-0.0212
2021/1/18,2308,26096261,290.0,292.0,283.0,289.5,19283,-0.0334
2021/1/19,2308,10907152,291.5,298.0,291.5,294.0,9957,0.0155
2021/1/20,2308,13009296,295.5,299.0,291.5,294.5,10823,0.0017
2021/1/21,2308,13150028,297.0,300.0,293.0,299.0,10123,0.0153
2021/1/22,2308,17907677,299.5,299.5,290.0,291.0,12145,-0.0268
2021/1/25,2308,8135451,288.0,296.5,288.0,295.5,6736,0.0155
2021/1/26,2308,12383753,297.5,297.5,288.0,289.0,10312,-0.022
2021/1/27,2308,13941415,285.0,291.5,283.5,287.5,9232,-0.0052
2021/1/28,2308,11148050,282.0,290.5,281.0,287.5,8424,0.0
2021/1/29,2308,17019588,298.0,298.0,282.5,282.5,11044,-0.0174
2021/2/1,2308,8660851,277.0,287.0,277.0,285.0,7362,0.0088
2021/2/2,2308,12263578,288.0,292.5,285.5,286.0,10096,0.0035
2021/2/3,2308,11924831,289.0,290.0,282.0,284.0,8992,-0.007
2021/2/4,2308,9305974,285.0,287.5,283.0,287.0,5986,0.0106
2021/2/5,2308,28090044,287.5,288.0,276.0,280.5,19633,-0.0226
2021/2/17,2308,39393538,281.0,301.0,281.0,299.5,24798,0.0677
2021/2/18,2308,20487672,305.5,313.0,304.0,306.0,16173,0.0217
2021/2/19,2308,10352707,303.0,304.0,297.0,300.0,9560,-0.0196
2021/2/22,2308,10460684,304.5,307.5,300.0,301.0,8325,0.0033
2021/2/23,2308,10175535,299.0,303.0,295.0,303.0,7531,0.0066
2021/2/24,2308,11582397,302.0,302.5,293.0,294.0,11104,-0.0297
2021/2/25,2308,12776178,299.5,299.5,289.5,294.5,11197,0.0017
2021/2/26,2308,21410094,288.5,288.5,280.5,280.5,18417,-0.0475
2021/3/2,2308,13515340,297.0,297.5,284.5,288.0,10531,0.0267
2021/3/3,2308,10209733,290.5,291.0,283.5,289.0,8470,0.0035
2021/3/4,2308,12734796,286.5,287.5,278.0,281.0,14921,-0.0277
2021/3/5,2308,12209952,277.0,279.5,273.5,275.0,12895,-0.0214
2021/3/8,2308,11116028,280.0,280.0,270.0,270.5,12600,-0.0164
2021/3/9,2308,17567729,267.0,267.5,259.0,263.5,15207,-0.0259
2021/3/10,2308,12789917,270.0,272.0,264.5,265.0,10156,0.0057
2021/3/11,2308,15458139,268.0,283.0,266.0,281.5,11462,0.0623
2021/3/12,2308,14234977,284.0,285.5,278.5,282.0,7296,0.0018
2021/3/15,2308,8796253,278.5,281.0,277.0,277.5,5931,-0.016
2021/3/16,2308,8817605,278.5,284.5,278.0,282.0,6804,0.0162
2021/3/17,2308,6915255,283.0,284.0,280.5,284.0,5257,0.0071
2021/3/18,2308,9735268,287.0,291.5,285.0,288.0,9114,0.0141
2021/3/19,2308,11341026,287.5,287.5,283.0,283.0,7707,-0.0174
2021/3/22,2308,4222713,285.0,287.5,283.0,287.0,3799,0.0141
2021/3/23,2308,5618593,287.5,290.0,286.0,288.0,4268,0.0035
2021/3/24,2308,5506551,288.0,289.0,283.5,285.5,4316,-0.0087
2021/3/25,2308,6425101,285.5,286.5,280.0,284.0,5003,-0.0053
2021/3/26,2308,5598881,284.5,288.0,283.0,288.0,4599,0.0141
2021/3/29,2308,5447414,289.0,290.0,286.0,288.0,5012,0.0
2021/3/30,2308,8551587,288.0,294.5,286.0,292.5,7679,0.0156
2021/3/31,2308,7850087,295.0,295.0,288.0,288.0,5687,-0.0154
2021/4/1,2308,10592064,290.0,296.0,289.5,295.5,9028,0.026
2021/4/6,2308,7684725,299.5,301.5,297.5,298.0,7218,0.0085
2021/4/7,2308,5345317,300.0,300.0,295.0,298.5,5086,0.0017
2021/4/8,2308,5925147,300.5,300.5,297.0,297.0,5416,-0.005
2021/4/9,2308,5864550,300.0,300.0,297.0,299.0,5008,0.0067
2021/4/12,2308,8058087,300.0,300.5,290.5,291.0,7178,-0.0268
2021/4/13,2308,5743370,293.0,297.5,292.0,292.0,5122,0.0034
2021/4/14,2308,6724582,292.0,295.5,286.5,291.5,6642,-0.0017
2021/4/15,2308,6338933,288.5,295.5,288.0,295.5,5277,0.0137
2021/4/16,2308,4075312,294.0,297.0,291.5,296.5,3727,0.0034
2021/4/19,2308,5861684,297.0,299.0,294.5,298.0,4919,0.0051
2021/4/20,2308,23512014,299.5,314.5,298.0,307.5,20351,0.0319
2021/4/21,2308,10585572,306.0,307.0,301.0,301.0,8684,-0.0211
2021/4/22,2308,13917184,303.0,304.0,292.0,293.0,11801,-0.0266
2021/4/23,2308,8634617,292.0,298.5,290.5,297.0,4709,0.0137
2021/4/26,2308,3823806,298.5,301.5,296.5,298.0,3705,0.0034
2021/4/27,2308,7220420,298.5,303.0,296.5,302.0,5566,0.0134
2021/4/28,2308,8303108,303.5,306.0,300.0,305.5,7050,0.0116
2021/4/29,2308,15850141,310.0,313.5,301.0,302.5,12440,-0.0098
2021/5/3,2308,11777013,306.0,310.0,303.0,306.5,9754,0.0132
2021/5/4,2308,12951719,307.5,308.0,288.0,291.5,12467,-0.0489
2021/5/5,2308,12733985,292.0,294.5,283.5,283.5,12091,-0.0274
2021/5/6,2308,11523166,283.0,285.5,276.0,283.0,12172,-0.0018
2021/5/7,2308,8062978,287.0,294.0,285.0,293.5,6127,0.0371
2021/5/10,2308,4300428,295.0,296.0,287.5,287.5,4423,-0.0204
2021/5/11,2308,13680663,280.0,281.5,270.0,271.0,17025,-0.0574
2021/5/12,2308,18793543,271.0,271.0,245.0,265.0,16590,-0.0221
2021/5/13,2308,12888865,260.0,273.5,257.0,264.5,9798,-0.0019
2021/5/14,2308,9425151,267.0,271.5,264.5,266.5,7104,0.0076
2021/5/17,2308,8763877,260.0,271.0,255.0,266.5,7074,0.0
2021/5/18,2308,9334328,270.0,276.0,267.5,274.5,7972,0.03
2021/5/19,2308,5262327,274.0,275.5,272.5,273.5,4517,-0.0036
2021/5/20,2308,8340050,275.0,283.0,274.0,281.0,6644,0.0274
2021/5/21,2308,8708261,285.5,289.5,283.0,289.0,6398,0.0285
2021/5/24,2308,3155690,286.0,287.0,282.0,285.0,3047,-0.0138
2021/5/25,2308,4704636,287.0,290.5,286.0,290.0,4077,0.0175
2021/5/26,2308,2978555,291.5,292.5,289.5,290.0,2713,0.0
2021/5/27,2308,11448086,289.0,293.5,284.0,293.5,5747,0.0121
2021/5/28,2308,4192320,292.0,294.5,290.0,291.5,4203,-0.0068
2021/5/31,2308,5930415,294.0,296.5,289.0,296.0,5168,0.0154
2021/6/1,2308,3940528,295.0,297.0,294.5,297.0,3151,0.0034
2021/6/2,2308,5782009,298.0,299.0,296.5,298.5,4873,0.0051
2021/6/3,2308,9396892,298.5,299.5,295.0,297.0,4210,-0.005
2021/6/4,2308,4729360,294.0,298.5,293.5,297.0,3540,0.0
2021/6/7,2308,4976293,298.0,299.0,294.0,297.0,3662,0.0
2021/6/8,2308,2637438,299.0,299.0,296.0,297.5,2234,0.0017
2021/6/9,2308,5392645,297.0,299.0,293.5,295.0,4432,-0.0084
2021/6/10,2308,3753338,296.5,297.0,294.0,295.0,3258,0.0
2021/6/11,2308,2918902,295.0,298.0,295.0,296.5,2772,0.0051
2021/6/15,2308,7757383,298.5,307.0,298.0,302.0,7401,0.0185
2021/6/16,2308,4937356,302.0,304.0,301.0,303.0,4515,0.0033
2021/6/17,2308,4240186,300.5,302.0,297.0,299.5,3867,-0.0116
2021/6/18,2308,10188731,301.0,307.0,299.0,299.5,5832,0.0
2021/6/21,2308,6144415,297.5,299.5,293.0,294.0,5623,-0.0184
2021/6/22,2308,6108417,294.0,301.0,294.0,296.0,4833,0.0068
2021/6/23,2308,5439764,296.0,297.0,294.0,296.0,4241,0.0
2021/6/24,2308,10640873,296.0,296.0,289.0,290.0,7023,-0.0203
2021/6/25,2308,8202118,290.0,298.5,290.0,295.0,5498,0.0172
2021/6/28,2308,3546542,296.0,298.0,293.5,297.0,2888,0.0068
2021/6/29,2308,5355854,298.0,301.0,297.0,299.5,4317,0.0084
2021/6/30,2308,7244329,301.5,304.0,300.5,303.0,5555,0.0117
2021/7/1,2308,4839822,303.0,305.0,297.0,297.5,3919,-0.0182
2021/7/2,2308,6557769,301.0,305.0,298.5,299.0,4834,0.005
2021/7/5,2308,4097452,302.5,305.0,301.5,304.0,3732,0.0167
2021/7/6,2308,2540622,305.0,305.0,301.5,303.5,2527,-0.0016
2021/7/7,2308,3140096,303.5,304.5,301.5,303.5,2511,0.0
2021/7/8,2308,4249272,304.0,305.0,297.0,301.5,3364,-0.0066
2021/7/9,2308,5371517,297.5,298.5,294.0,295.0,4658,-0.0216
2021/7/12,2308,2918975,299.5,300.0,296.0,299.5,2746,0.0153
2021/7/13,2308,13784897,303.0,312.0,301.0,307.0,10870,0.025
2021/7/14,2308,18333773,305.5,324.0,305.5,323.0,17860,0.0521
2021/7/15,2308,18427032,327.0,335.0,317.0,320.5,14640,-0.0077
2021/7/16,2308,6886882,321.5,325.0,314.5,319.5,5264,-0.0031
2021/7/19,2308,12523907,316.0,317.5,302.0,308.0,11612,-0.036
2021/7/20,2308,6305716,302.0,305.5,298.0,300.0,6615,-0.026
2021/7/21,2308,5257386,303.0,306.0,300.5,306.0,4340,0.02
2021/7/22,2308,5965198,308.5,312.5,301.5,303.0,4604,-0.0098
2021/7/23,2308,3029137,305.0,309.0,303.5,304.0,2502,0.0033
2021/7/26,2308,4350614,305.0,307.5,298.5,299.0,4177,-0.0164
2021/7/27,2308,6995475,300.0,300.5,291.0,292.0,7732,-0.0234
2021/7/28,2308,6208570,287.0,294.5,287.0,292.0,5892,0.0
2021/7/29,2308,6686491,296.0,296.5,290.0,291.5,4875,-0.0017
2021/7/30,2308,7259229,286.5,291.0,285.0,287.0,6896,-0.0154
2021/8/2,2308,5697127,287.5,288.0,284.0,287.0,5420,0.0
2021/8/3,2308,8291103,294.5,294.5,283.5,287.5,7767,0.0017
2021/8/4,2308,5175239,288.5,289.0,285.5,286.5,4626,-0.0035
2021/8/5,2308,3544464,286.0,288.5,285.5,287.0,3615,0.0017
2021/8/6,2308,5248828,286.5,287.5,285.0,285.0,4540,-0.007
2021/8/9,2308,5501268,283.0,283.0,278.5,281.5,5820,-0.0123
2021/8/10,2308,5277133,283.0,283.0,277.5,278.0,6402,-0.0124
2021/8/11,2308,4529869,276.5,281.0,276.5,280.0,4155,0.0072
2021/8/12,2308,6088160,278.5,280.5,275.0,276.5,5876,-0.0125
2021/8/13,2308,7527257,276.5,277.5,271.0,274.0,5683,-0.009
2021/8/16,2308,6126427,278.0,280.5,275.0,279.0,4492,0.0182
2021/8/17,2308,13984799,275.0,279.0,261.0,262.0,15696,-0.0609
2021/8/18,2308,13853377,256.0,269.5,254.5,267.0,9509,0.0191
2021/8/19,2308,10480744,268.5,272.5,266.5,269.0,7994,0.0075
2021/8/20,2308,7558765,274.5,274.5,263.0,263.0,7630,-0.0223
2021/8/23,2308,6074835,266.5,272.0,265.0,270.0,4473,0.0266
2021/8/24,2308,4667138,273.0,274.0,267.5,268.0,3805,-0.0074
2021/8/25,2308,6014849,270.0,278.0,267.5,277.5,5067,0.0354
2021/8/26,2308,5811545,280.5,281.5,274.0,276.5,4581,-0.0036
2021/8/27,2308,5216537,278.0,280.0,274.5,279.0,3593,0.009
2021/8/30,2308,3406797,277.5,280.0,275.5,279.5,3226,0.0018
2021/8/31,2308,13910947,275.5,278.0,264.0,270.5,14376,-0.0322
2021/9/1,2308,6737853,270.5,273.0,268.5,272.0,4553,0.0055
2021/9/2,2308,5262670,270.0,271.5,266.0,268.5,5404,-0.0129
2021/9/3,2308,5484830,271.5,272.0,267.5,272.0,3926,0.013
2021/9/6,2308,5386994,273.0,274.5,270.5,273.5,4266,0.0055
2021/9/7,2308,5490679,274.5,275.0,268.5,271.5,3644,-0.0073
2021/9/8,2308,4144768,274.0,274.0,269.0,270.5,3057,-0.0037
2021/9/9,2308,3262307,268.5,272.0,267.0,269.5,2407,-0.0037
2021/9/10,2308,4632851,268.5,270.0,267.0,269.0,3698,-0.0019
2021/9/13,2308,8249708,267.5,269.5,262.0,263.5,9465,-0.0204
2021/9/14,2308,4286100,264.5,266.5,262.5,263.5,4000,0.0
2021/9/15,2308,7248862,264.0,265.0,258.0,258.0,7936,-0.0209
2021/9/16,2308,4406960,258.5,261.5,257.5,260.0,4059,0.0078
2021/9/17,2308,8633675,257.5,259.0,255.0,256.0,6628,-0.0154
2021/9/22,2308,13073343,245.0,254.0,245.0,250.0,8329,-0.0234
2021/9/23,2308,4186548,255.0,255.5,250.5,251.5,3731,0.006
2021/9/24,2308,8349895,262.0,267.0,259.0,260.0,6693,0.0338
2021/9/27,2308,6170750,257.0,260.5,256.0,258.0,5360,-0.0077
2021/9/28,2308,6992850,257.0,258.0,251.0,252.5,6144,-0.0213
2021/9/29,2308,8176227,250.0,250.0,247.0,248.5,8039,-0.0158
2021/9/30,2308,7346411,248.0,253.0,248.0,252.0,3652,0.0141
2021/10/1,2308,6401002,252.0,252.5,245.5,248.0,6113,-0.0159
2021/10/4,2308,7606264,246.5,247.0,239.0,240.0,8398,-0.0323
2021/10/5,2308,9473941,238.0,247.0,237.0,245.0,6854,0.0208
2021/10/6,2308,5931818,245.5,247.0,241.0,244.5,4608,-0.002
2021/10/7,2308,3944000,248.0,251.5,246.0,248.5,3454,0.0164
2021/10/8,2308,4182013,252.0,253.0,249.5,250.5,2608,0.008
2021/10/12,2308,4859003,247.0,248.5,240.0,247.0,3843,-0.014
2021/10/13,2308,4147073,249.0,251.0,245.5,246.5,3050,-0.002
2021/10/14,2308,9780934,243.5,244.5,235.5,235.5,11863,-0.0446
2021/10/15,2308,9740496,237.0,241.5,234.5,240.0,7033,0.0191
2021/10/18,2308,11667731,243.0,255.0,242.0,249.5,7266,0.0396
2021/10/19,2308,11351102,254.0,262.0,248.0,259.0,11981,0.0381
2021/10/20,2308,9545918,258.0,258.5,252.0,254.5,7208,-0.0174
2021/10/21,2308,5999358,254.5,258.0,251.0,253.0,5253,-0.0059
2021/10/22,2308,8862261,249.0,251.0,243.0,244.0,8821,-0.0356
2021/10/25,2308,5570521,243.5,246.0,241.0,242.5,5214,-0.0061
2021/10/26,2308,6563215,246.0,250.0,244.0,244.5,5078,0.0082
2021/10/27,2308,5497868,246.0,248.5,242.0,244.5,5248,0.0
2021/10/28,2308,9107767,246.0,254.0,244.0,252.5,7064,0.0327
2021/10/29,2308,9955504,251.0,252.0,245.0,245.0,9107,-0.0297
2021/11/1,2308,11586092,246.5,259.5,245.0,257.5,10532,0.051
2021/11/2,2308,10822782,259.5,259.5,250.5,252.0,8071,-0.0214
2021/11/3,2308,9326306,252.0,252.0,246.0,247.0,7041,-0.0198
2021/11/4,2308,9037097,251.0,256.0,248.5,253.5,5977,0.0263
2021/11/5,2308,10784782,257.0,263.0,254.5,262.0,9212,0.0335
2021/11/8,2308,6807337,263.0,264.0,257.0,259.5,7582,-0.0095
2021/11/9,2308,7107013,263.5,266.0,262.5,266.0,6206,0.025
2021/11/10,2308,6373621,266.0,268.0,262.5,265.0,4939,-0.0038
2021/11/11,2308,4532358,262.0,263.0,258.5,259.0,6211,-0.0226
2021/11/12,2308,3753645,261.0,263.5,258.5,261.0,2721,0.0077
2021/11/15,2308,4539459,262.0,263.5,259.5,260.0,3611,-0.0038
2021/11/16,2308,6695666,259.0,260.0,255.0,256.0,6082,-0.0154
2021/11/17,2308,7065536,257.0,262.5,254.5,261.5,4986,0.0215
2021/11/18,2308,6053159,263.0,263.5,259.0,260.0,5620,-0.0057
2021/11/19,2308,3614326,262.0,262.0,260.0,261.0,2762,0.0038
2021/11/22,2308,2317632,261.0,262.0,259.0,259.0,2438,-0.0077
2021/11/23,2308,4821683,258.0,258.5,255.0,255.0,4044,-0.0154
2021/11/24,2308,3221967,257.5,260.0,255.5,256.0,2763,0.0039
2021/11/25,2308,4508576,261.0,262.5,258.0,259.0,3595,0.0117
2021/11/26,2308,6718220,255.5,258.0,252.0,252.0,6027,-0.027
2021/11/29,2308,3195619,251.0,255.5,250.0,253.5,3516,0.006
2021/11/30,2308,11610712,256.0,259.0,255.0,256.0,4588,0.0099
2021/12/1,2308,2931663,256.0,259.5,256.0,258.0,2458,0.0078
2021/12/2,2308,5943337,258.5,262.0,256.0,261.5,4461,0.0136
2021/12/3,2308,5303737,264.0,264.5,260.5,261.5,6195,0.0
2021/12/6,2308,4449113,261.0,262.5,258.5,261.0,5605,-0.0019
2021/12/7,2308,3668936,263.0,265.0,260.0,263.0,7230,0.0077
2021/12/8,2308,4185042,265.0,266.0,261.0,261.0,6296,-0.0076
2021/12/9,2308,7646881,264.5,269.0,262.5,269.0,6647,0.0307
2021/12/10,2308,7569090,269.0,273.0,267.5,271.0,8871,0.0074
2021/12/13,2308,5815472,274.0,274.5,268.0,270.0,14130,-0.0037
2021/12/14,2308,5362877,267.5,271.5,266.0,269.0,4034,-0.0037
2021/12/15,2308,4316887,268.0,269.5,265.0,267.5,7505,-0.0056
2021/12/16,2308,5712654,272.5,272.5,265.5,266.0,5660,-0.0056
2021/12/17,2308,6886836,266.5,269.5,264.0,269.0,3603,0.0113
2021/12/20,2308,3285042,269.0,270.0,263.5,264.0,7314,-0.0186
2021/12/21,2308,2364906,265.0,268.0,264.5,266.0,1803,0.0076
2021/12/22,2308,1620027,266.5,268.0,265.5,265.5,2967,-0.0019
2021/12/23,2308,3858283,266.0,270.0,266.0,270.0,4637,0.0169
2021/12/24,2308,2160977,271.0,272.5,270.0,270.5,3487,0.0019
2021/12/27,2308,4632946,271.0,276.5,271.0,275.5,4971,0.0185
2021/12/28,2308,3859876,276.5,278.5,275.5,277.5,5972,0.0073
2021/12/29,2308,3669085,278.5,280.0,277.0,278.0,3411,0.0018
2021/12/30,2308,2325690,278.0,278.0,275.0,275.0,10062,-0.0108
2022/1/3,2308,6016868,276.0,282.5,275.0,282.0,6220,0.0255
2022/1/4,2308,15957471,286.0,298.0,285.5,297.0,16782,0.0532
2022/1/5,2308,10289849,302.0,302.0,289.5,290.5,10254,-0.0219
2022/1/6,2308,7366728,288.0,292.0,284.0,291.0,11969,0.0017
2022/1/7,2308,7297571,292.0,293.0,282.0,283.0,13484,-0.0275
2022/1/10,2308,5786182,279.0,285.0,276.5,283.5,5208,0.0018
2022/1/11,2308,10416887,279.5,291.0,279.5,287.0,5757,0.0123
2022/1/12,2308,6907656,288.0,291.0,279.5,282.0,11871,-0.0174
2022/1/13,2308,6562426,283.5,283.5,276.0,277.0,8155,-0.0177
2022/1/14,2308,6807498,273.0,274.0,268.0,271.5,7061,-0.0199
2022/1/17,2308,3436517,270.5,274.0,270.0,273.5,3774,0.0074
2022/1/18,2308,2738285,274.5,277.0,274.0,274.0,2746,0.0018
2022/1/19,2308,4780260,276.0,277.0,272.5,275.0,4015,0.0036
2022/1/20,2308,7289150,274.0,275.5,269.0,272.5,4714,-0.0091
2022/1/21,2308,4605998,273.0,275.5,270.0,272.5,4220,0.0
2022/1/24,2308,2422888,269.5,273.0,269.0,272.0,3048,-0.0018
2022/1/25,2308,7845713,269.0,270.5,266.0,269.0,7217,-0.011
2022/1/26,2308,5296973,267.0,270.5,266.5,268.0,3961,-0.0037
2022/2/7,2308,11535033,271.5,277.5,269.5,271.0,5504,0.0112
2022/2/8,2308,14044237,271.0,272.5,269.0,269.0,6038,-0.0074
2022/2/9,2308,5602310,269.0,271.0,268.5,269.5,3710,0.0019
2022/2/10,2308,6223557,270.0,271.0,268.0,269.5,3674,0.0
2022/2/11,2308,7225115,267.5,269.0,265.5,265.5,5669,-0.0148
2022/2/14,2308,8280971,264.0,264.0,255.5,256.0,10809,-0.0358
2022/2/15,2308,8309813,255.0,256.5,252.0,253.5,8011,-0.0098
2022/2/16,2308,5341127,257.0,259.5,256.5,258.5,4145,0.0197
2022/2/17,2308,5381391,260.0,262.5,258.5,261.0,4771,0.0097
2022/2/18,2308,2362009,258.5,262.0,258.0,261.5,2000,0.0019
2022/2/21,2308,2219114,258.5,260.0,257.0,260.0,2467,-0.0057
2022/2/22,2308,4363669,257.5,258.0,256.0,257.0,4717,-0.0115
2022/2/23,2308,3458502,257.5,261.0,257.0,259.0,2655,0.0078
2022/2/24,2308,6870801,255.5,257.0,252.0,253.5,6617,-0.0212
2022/2/25,2308,16782733,254.0,255.5,246.0,246.5,15193,-0.0276
2022/3/1,2308,15815080,249.0,256.5,247.5,256.5,5814,0.0406
2022/3/2,2308,5954975,254.5,258.0,252.0,255.0,4245,-0.0058
2022/3/3,2308,7976318,255.5,258.0,254.5,256.0,4891,0.0039
2022/3/4,2308,5939934,253.0,257.0,251.5,254.5,3490,-0.0059
2022/3/7,2308,13996103,249.5,250.0,246.0,247.0,8594,-0.0295
2022/3/8,2308,13417566,242.0,250.0,234.0,235.5,17218,-0.0466
2022/3/9,2308,7176588,236.5,243.0,236.5,241.5,7472,0.0255
2022/3/10,2308,10337175,252.0,258.0,249.5,254.5,9759,0.0538
2022/3/11,2308,10922131,257.5,264.0,254.5,262.0,12598,0.0295
2022/3/14,2308,4388711,263.5,263.5,256.0,257.5,6990,-0.0172
2022/3/15,2308,6432804,257.5,257.5,249.5,251.5,7227,-0.0233
2022/3/16,2308,9183097,251.5,254.0,247.0,249.0,6617,-0.0099
2022/3/17,2308,8834656,255.0,262.0,253.0,260.5,6701,0.0462
2022/3/18,2308,10350076,260.0,262.5,254.5,256.0,7234,-0.0173
2022/3/21,2308,5640871,261.0,265.0,260.0,261.0,5961,0.0195
2022/3/22,2308,3973695,263.5,264.0,260.5,262.0,3836,0.0038
2022/3/23,2308,3096282,266.0,266.0,262.0,264.5,2727,0.0095
2022/3/24,2308,5972418,265.0,267.5,262.5,266.5,5220,0.0076
2022/3/25,2308,4900943,269.0,270.0,266.0,268.0,4227,0.0056
2022/3/28,2308,2745584,264.0,265.5,258.5,265.0,5517,-0.0112
2022/3/29,2308,3662412,263.5,268.5,263.5,266.0,3070,0.0038
2022/3/30,2308,4848041,269.0,270.0,265.0,268.0,6910,0.0075
2022/3/31,2308,3525183,269.0,269.5,266.0,268.5,2197,0.0019
2022/4/1,2308,4924353,265.5,268.5,263.0,268.5,2954,0.0
2022/4/6,2308,6311304,267.5,269.0,263.0,263.5,4393,-0.0186
2022/4/7,2308,6898781,259.0,264.0,259.0,261.0,3959,-0.0095
2022/4/8,2308,4201444,260.0,265.0,259.0,261.0,5637,0.0
2022/4/11,2308,5596624,263.0,263.0,250.5,250.5,12033,-0.0402
2022/4/12,2308,5785795,247.5,253.5,247.0,248.5,5811,-0.008
2022/4/13,2308,4437755,253.0,257.0,250.0,255.5,4154,0.0282
2022/4/14,2308,2718447,257.5,257.5,252.5,253.0,9019,-0.0098
2022/4/15,2308,2275697,253.0,253.5,249.0,249.5,4052,-0.0138
2022/4/18,2308,2368243,246.5,250.0,245.5,247.5,3264,-0.008
2022/4/19,2308,1912810,252.0,253.0,247.5,247.5,2066,0.0
2022/4/20,2308,4848039,248.0,252.0,248.0,251.0,4755,0.0141
2022/4/21,2308,3026359,254.0,254.5,251.0,253.0,2980,0.008
2022/4/22,2308,6195362,248.0,249.5,245.5,246.0,13385,-0.0277
2022/4/25,2308,7779870,238.5,242.0,236.0,236.5,10129,-0.0386
2022/4/26,2308,8554987,240.0,252.0,239.0,252.0,7887,0.0655
2022/4/27,2308,7106050,244.0,249.5,244.0,245.0,18851,-0.0278
2022/4/28,2308,5052885,247.0,249.5,243.5,246.5,4825,0.0061
2022/4/29,2308,5199982,251.5,252.0,247.0,250.0,4490,0.0142
2022/5/3,2308,3831679,250.0,250.0,240.5,242.5,17364,-0.03
2022/5/4,2308,3346859,243.0,246.0,240.5,241.0,3003,-0.0062
2022/5/5,2308,3422465,245.0,245.0,240.0,241.0,5525,0.0
2022/5/6,2308,7888369,235.0,237.0,231.5,234.0,10181,-0.029
2022/5/9,2308,5124854,230.0,232.0,228.0,230.0,5960,-0.0171
2022/5/10,2308,5508998,224.5,228.5,222.0,226.5,5813,-0.0152
2022/5/11,2308,4253982,226.0,227.0,222.0,223.5,5750,-0.0132
2022/5/12,2308,4792688,222.0,222.0,217.5,218.5,6118,-0.0224
2022/5/13,2308,4967212,218.5,221.5,217.0,221.0,5046,0.0114
2022/5/16,2308,3106413,225.5,227.5,221.5,223.0,3202,0.009
2022/5/17,2308,4420048,226.0,226.0,222.5,225.0,4790,0.009
2022/5/18,2308,5088159,229.0,233.0,228.0,231.0,5160,0.0267
2022/5/19,2308,4505088,223.0,224.0,220.5,222.0,8814,-0.039
2022/5/20,2308,4390844,224.0,227.0,222.5,226.5,3899,0.0203
2022/5/23,2308,2846212,230.0,230.0,225.0,225.0,5788,-0.0066
2022/5/24,2308,2556439,224.5,227.5,220.0,220.0,3347,-0.0222
2022/5/25,2308,4524643,223.0,224.0,220.0,222.5,3368,0.0114
2022/5/26,2308,2682678,224.5,226.0,222.5,224.0,3504,0.0067
2022/5/27,2308,5473693,226.0,233.5,225.0,231.5,6887,0.0335
2022/5/30,2308,5288426,235.5,239.0,233.0,238.5,5911,0.0302
2022/5/31,2308,7771519,237.0,241.5,236.5,241.5,10843,0.0126
2022/6/1,2308,2461392,242.5,242.5,239.5,241.5,5347,0.0
2022/6/2,2308,2764307,238.0,240.0,236.5,236.5,18720,-0.0207
2022/6/6,2308,3501505,237.0,239.5,231.5,239.0,3186,0.0106
2022/6/7,2308,5514275,234.5,236.0,230.5,233.0,7034,-0.0251
2022/6/8,2308,2569910,234.0,235.0,233.0,234.5,2406,0.0064
2022/6/9,2308,3516530,234.5,236.0,232.0,235.0,3523,0.0021
2022/6/10,2308,3202529,236.0,239.0,232.5,237.0,3784,0.0085
2022/6/13,2308,4705066,232.0,234.5,226.5,228.0,10718,-0.038
2022/6/14,2308,4558653,223.0,228.5,223.0,228.5,3997,0.0022
2022/6/15,2308,4681984,226.0,227.5,223.0,225.0,9049,-0.0153
2022/6/16,2308,6206389,229.0,232.0,226.0,227.5,5143,0.0111
2022/6/17,2308,7288646,219.0,228.0,219.0,227.0,10811,-0.0022
2022/6/20,2308,4525643,225.0,226.5,220.0,220.0,10034,-0.0308
2022/6/21,2308,4738342,226.5,232.5,223.5,232.5,4122,0.0568
2022/6/22,2308,3824024,230.5,231.5,226.5,226.5,11612,-0.0258
2022/6/23,2308,7554481,231.0,236.0,228.0,234.0,5628,0.0331
2022/6/24,2308,7647712,239.5,241.0,235.0,239.0,7178,0.0214
2022/6/27,2308,6113362,239.0,240.5,236.5,236.5,16024,-0.0105
2022/6/28,2308,5713340,237.5,239.0,234.0,236.0,3957,-0.0021
2022/6/29,2308,6744311,227.5,228.5,225.0,227.5,5711,-0.036
2022/6/30,2308,6259215,223.5,225.0,220.5,221.5,8152,-0.0264
2022/7/1,2308,8490123,220.5,227.0,219.0,221.5,7397,0.0
2022/7/4,2308,7115072,218.0,221.5,214.0,219.0,11305,-0.0113
2022/7/5,2308,6868597,222.0,224.5,217.5,220.5,7209,0.0068
2022/7/6,2308,7356320,221.0,222.5,210.5,210.5,10245,-0.0454
2022/7/7,2308,7628167,215.5,223.5,213.0,221.0,5794,0.0499
2022/7/8,2308,7396934,221.5,229.5,220.0,227.5,11300,0.0294
2022/7/11,2308,3607082,227.0,230.0,227.0,229.5,4457,0.0088
2022/7/12,2308,5352617,230.5,233.0,229.5,231.0,6840,0.0065
2022/7/13,2308,11478333,239.0,243.0,237.0,239.5,14757,0.0368
2022/7/14,2308,9231421,239.5,244.0,238.5,239.5,12617,0.0
2022/7/15,2308,8337631,241.0,247.0,239.0,245.0,10193,0.023
2022/7/18,2308,6454944,247.0,248.5,244.5,245.0,7393,0.0
2022/7/19,2308,4058648,246.0,248.0,245.0,246.0,2822,0.0041
2022/7/20,2308,5998691,248.5,251.0,248.0,249.0,4355,0.0122
2022/7/21,2308,5954625,252.0,252.0,247.0,250.0,6342,0.004
2022/7/22,2308,6404851,248.5,250.5,246.0,248.0,5858,-0.008
2022/7/25,2308,5645128,245.0,251.0,244.5,250.5,3285,0.0101
2022/7/26,2308,3565803,250.0,252.0,247.0,249.0,5061,-0.006
2022/7/27,2308,5613526,249.0,254.0,247.5,254.0,4206,0.0201
2022/7/28,2308,11733773,259.0,265.0,258.0,262.0,10575,0.0315
2022/7/29,2308,8407316,263.5,263.5,256.5,258.0,24501,-0.0153
2022/8/1,2308,5504307,259.5,261.0,256.0,258.5,10961,0.0019
2022/8/2,2308,10858156,257.0,260.0,252.0,258.5,10503,0.0
2022/8/3,2308,8447302,258.0,264.0,256.0,264.0,9072,0.0213
2022/8/4,2308,11719192,264.5,265.5,258.5,261.0,16842,-0.0114
2022/8/5,2308,5516430,265.0,265.0,262.0,262.5,4076,0.0057
2022/8/8,2308,3207239,262.5,265.0,260.5,264.5,3181,0.0076
2022/8/9,2308,6644213,263.5,268.0,261.0,265.0,8770,0.0019
2022/8/10,2308,10408955,266.5,272.0,265.0,272.0,7741,0.0264
2022/8/11,2308,8694098,271.5,272.5,266.5,272.5,13502,0.0018
2022/8/12,2308,7833269,268.5,270.5,265.0,267.0,34391,-0.0202
2022/8/15,2308,7097852,268.0,274.5,268.0,274.0,6150,0.0262
2022/8/16,2308,3813224,274.0,274.0,271.0,272.5,3009,-0.0055
2022/8/17,2308,5804784,274.0,275.5,271.0,272.5,8029,0.0
2022/8/18,2308,3244528,271.0,272.5,269.5,272.5,2712,0.0
2022/8/19,2308,2935977,272.5,274.0,270.5,272.5,2533,0.0
2022/8/22,2308,5441753,271.5,274.0,268.5,269.5,3433,-0.011
2022/8/23,2308,6883085,269.5,269.5,264.0,266.0,4501,-0.013
2022/8/24,2308,4295091,268.0,271.0,266.0,267.0,3003,0.0038
2022/8/25,2308,3155740,269.0,270.0,266.0,268.0,2643,0.0037
2022/8/26,2308,5633190,269.5,270.5,267.5,268.0,3034,0.0
2022/8/29,2308,6330407,264.0,264.5,261.0,262.5,17970,-0.0205
2022/8/30,2308,5617081,264.5,267.0,262.5,264.0,6192,0.0057
2022/8/31,2308,4871258,261.5,263.5,259.5,263.0,13856,-0.0038
2022/9/1,2308,7501336,264.0,264.0,254.5,258.5,9137,-0.0171
2022/9/2,2308,5348874,256.0,258.0,254.0,255.0,4154,-0.0135
2022/9/5,2308,3225244,257.0,259.5,255.0,255.5,3877,0.002
2022/9/6,2308,4194272,259.0,259.0,256.0,257.5,2975,0.0078
2022/9/7,2308,4342047,255.0,257.5,253.0,257.0,3343,-0.0019
2022/9/8,2308,7861366,258.0,269.0,257.0,268.0,6354,0.0428
2022/9/12,2308,5180786,271.0,273.0,268.5,270.0,4869,0.0075
2022/9/13,2308,5441917,273.0,273.0,268.0,269.0,5406,-0.0037
2022/9/14,2308,6242749,262.5,270.5,262.0,268.0,9033,-0.0037
2022/9/15,2308,4779338,265.5,271.0,265.5,270.5,9684,0.0093
2022/9/16,2308,6930504,270.0,270.5,264.5,264.5,8419,-0.0222
2022/9/19,2308,3618870,267.0,271.5,264.0,269.0,3168,0.017
2022/9/20,2308,4435642,270.5,272.5,268.5,271.0,7257,0.0074
2022/9/21,2308,3445371,269.5,271.0,266.0,267.0,8347,-0.0148
2022/9/22,2308,3947671,263.5,270.0,262.0,270.0,6397,0.0112
2022/9/23,2308,3275336,268.0,270.5,265.5,266.5,4279,-0.013
2022/9/26,2308,5898794,262.0,266.0,258.5,260.5,5822,-0.0225
2022/9/27,2308,5054872,259.5,263.5,259.0,262.0,3200,0.0058
2022/9/28,2308,7137981,262.0,264.0,252.0,252.0,7076,-0.0382
2022/9/29,2308,6470745,254.0,256.0,249.5,252.5,5105,0.002
2022/9/30,2308,6887222,245.0,254.5,244.0,253.0,3660,0.002
2022/10/3,2308,2777656,249.5,254.5,248.5,252.0,2457,-0.004
2022/10/4,2308,3870415,256.0,259.5,254.5,258.5,4000,0.0258
2022/10/5,2308,8613900,265.0,271.0,261.5,269.5,6913,0.0426
2022/10/6,2308,11926595,272.0,280.0,271.5,278.5,10923,0.0334
2022/10/7,2308,6700054,279.5,281.0,274.0,275.0,4727,-0.0126
2022/10/11,2308,12360422,267.0,269.0,259.0,264.5,57310,-0.0382
2022/10/12,2308,9180429,265.5,275.0,264.0,272.0,7775,0.0284
2022/10/13,2308,7903746,270.5,273.0,264.5,268.0,15576,-0.0147
2022/10/14,2308,6284511,273.5,274.0,266.0,266.0,9053,-0.0075
2022/10/17,2308,8521075,264.0,271.5,264.0,268.5,6609,0.0094
2022/10/18,2308,7976399,273.5,276.0,269.0,272.5,9794,0.0149
2022/10/19,2308,4380952,272.0,273.0,267.0,268.0,6267,-0.0165
2022/10/20,2308,7629960,265.0,267.0,260.0,265.5,5756,-0.0093
2022/10/21,2308,7053025,270.0,272.0,265.5,267.0,5315,0.0056
2022/10/24,2308,7141308,272.5,272.5,266.0,268.5,5415,0.0056
2022/10/25,2308,13151518,268.0,268.0,253.0,259.5,11974,-0.0335
2022/10/26,2308,7492981,255.0,258.5,252.5,256.0,6970,-0.0135
2022/10/27,2308,5945462,259.0,261.0,256.5,258.0,4258,0.0078
2022/10/28,2308,9294142,262.5,264.5,256.0,258.0,5569,0.0
2022/10/31,2308,7963942,263.0,263.0,256.0,257.5,6819,-0.0019
2022/11/1,2308,7942722,259.5,262.0,257.0,261.0,4203,0.0136
2022/11/2,2308,9398258,264.0,271.0,263.0,268.5,7350,0.0287
2022/11/3,2308,4362147,266.0,267.5,264.0,267.0,6381,-0.0056
2022/11/4,2308,4090938,267.5,271.0,265.0,269.5,3395,0.0094
2022/11/7,2308,5509750,272.0,273.0,265.5,273.0,5146,0.013
2022/11/8,2308,6527111,273.0,276.0,271.5,274.0,7795,0.0037
2022/11/9,2308,5240371,275.5,276.5,273.0,274.0,5734,0.0
2022/11/10,2308,3721654,272.0,273.5,269.5,271.0,5998,-0.0109
2022/11/11,2308,13423092,279.5,285.0,277.0,283.5,17228,0.0461
2022/11/14,2308,7002961,284.5,287.5,282.5,285.5,6471,0.0071
2022/11/15,2308,10781385,288.0,293.0,284.0,293.0,8927,0.0263
2022/11/16,2308,9478161,292.5,294.0,287.5,288.5,9113,-0.0154
2022/11/17,2308,4341817,287.0,292.5,287.0,292.0,4261,0.0121
2022/11/18,2308,4257975,292.5,296.0,290.5,293.0,4400,0.0034
2022/11/21,2308,5565437,292.5,297.0,289.5,293.5,6495,0.0017
2022/11/22,2308,5837613,291.0,294.0,288.0,293.5,6233,0.0
2022/11/23,2308,4737019,297.5,297.5,294.0,295.5,4120,0.0068
2022/11/24,2308,7122131,296.0,302.0,296.0,302.0,7205,0.022
2022/11/25,2308,7198271,299.0,304.0,299.0,302.0,5404,0.0
2022/11/28,2308,7980368,296.5,297.0,292.0,293.0,8373,-0.0298
2022/11/29,2308,6486048,295.0,299.0,293.0,298.0,5135,0.0171
2022/11/30,2308,8239691,301.0,302.0,297.0,302.0,4461,0.0134
2022/12/1,2308,7400572,303.0,306.5,302.0,305.0,6942,0.0099
2022/12/2,2308,4401540,299.0,306.5,299.0,305.0,4225,0.0
2022/12/5,2308,2994016,304.5,305.5,302.5,302.5,3179,-0.0082
2022/12/6,2308,5724940,301.0,304.5,298.0,301.0,5175,-0.005
2022/12/7,2308,6790887,299.0,299.0,291.5,294.5,11498,-0.0216
2022/12/8,2308,5027976,292.0,296.5,289.0,294.5,4279,0.0
2022/12/9,2308,4371980,296.0,297.0,292.0,294.5,3574,0.0
2022/12/12,2308,3085211,290.0,294.0,290.0,293.5,2731,-0.0034
2022/12/13,2308,7234292,293.5,298.0,288.0,291.5,4793,-0.0068
2022/12/14,2308,7215772,293.0,295.5,290.5,295.5,5094,0.0137
2022/12/15,2308,4298674,293.5,296.0,292.0,295.5,3118,0.0
2022/12/16,2308,6725023,290.0,293.5,289.5,291.0,3989,-0.0152
2022/12/19,2308,2795004,288.0,291.0,287.5,290.0,2465,-0.0034
2022/12/20,2308,4518295,291.5,292.0,282.0,283.0,5427,-0.0241
2022/12/21,2308,4168115,281.5,286.0,281.5,283.5,3684,0.0018
2022/12/22,2308,3507026,284.0,287.5,282.0,286.5,2725,0.0106
2022/12/23,2308,5149151,281.0,283.5,277.5,281.0,5230,-0.0192
2022/12/26,2308,1926261,281.5,283.5,279.5,282.0,2212,0.0036
2022/12/27,2308,1541522,283.0,286.0,282.0,284.0,1971,0.0071
2022/12/28,2308,3634319,282.0,284.0,278.0,282.5,3832,-0.0053
2022/12/29,2308,3227331,280.0,282.5,278.5,281.0,2899,-0.0053
2022/12/30,2308,4059391,284.0,288.5,284.0,286.5,3510,0.0196
2023/1/3,2308,4620740,284.0,288.0,283.5,285.5,7114,-0.0035
2023/1/4,2308,5434591,286.0,288.0,282.0,284.0,4317,-0.0053
2023/1/5,2308,6636158,284.5,286.0,277.0,278.5,6935,-0.0194
2023/1/6,2308,8812006,278.0,278.5,271.5,272.0,10537,-0.0233
2023/1/9,2308,7378299,275.0,283.0,275.0,283.0,6594,0.0404
2023/1/10,2308,4224685,281.5,286.0,281.0,283.5,3592,0.0018
2023/1/11,2308,4971103,285.0,286.5,284.0,286.0,3905,0.0088
2023/1/12,2308,7302906,285.0,285.5,276.0,277.0,8650,-0.0315
2023/1/13,2308,6096497,278.5,281.0,276.5,277.5,4642,0.0018
2023/1/16,2308,5960964,281.0,284.5,280.0,281.5,4879,0.0144
2023/1/17,2308,5492115,282.0,287.5,281.5,286.0,5321,0.016
2023/1/30,2308,17765626,295.0,295.0,284.0,288.5,11059,0.0087
2023/1/31,2308,9685944,288.5,291.5,286.5,289.0,8338,0.0017
2023/2/1,2308,6990307,292.0,294.5,289.0,294.5,5692,0.019
2023/2/2,2308,8873439,295.5,299.0,293.5,298.0,6849,0.0119
2023/2/3,2308,9055043,299.5,302.0,298.0,301.5,7963,0.0117
2023/2/6,2308,6355101,298.0,300.5,297.0,297.0,4318,-0.0149
2023/2/7,2308,4489039,300.0,300.5,295.0,296.0,6210,-0.0034
2023/2/8,2308,7198917,298.0,298.5,295.0,296.0,9904,0.0
2023/2/9,2308,8764465,294.0,295.5,290.0,292.0,7663,-0.0135
2023/2/10,2308,5042475,294.5,295.0,291.0,294.0,4024,0.0068
2023/2/13,2308,5088772,295.0,295.5,291.5,294.0,3388,0.0
2023/2/14,2308,3660189,295.0,296.0,293.5,294.0,3868,0.0
2023/2/15,2308,5009033,294.0,294.0,291.5,293.0,3525,-0.0034
2023/2/16,2308,6390924,294.5,301.0,294.0,299.0,5480,0.0205
2023/2/17,2308,4572064,296.5,298.0,292.5,294.5,5358,-0.0151
2023/2/20,2308,2922481,294.5,296.5,293.0,295.0,2661,0.0017
2023/2/21,2308,2865698,295.0,298.5,294.5,297.5,2769,0.0085
2023/2/22,2308,6668539,295.0,295.5,290.0,290.0,6623,-0.0252
2023/2/23,2308,7995089,291.5,293.5,289.0,290.0,7981,0.0
2023/2/24,2308,8684516,291.5,293.5,286.0,286.5,6750,-0.0121
2023/3/1,2308,7990833,282.0,291.0,282.0,289.5,5612,0.0105
2023/3/2,2308,4603040,291.0,291.0,286.0,289.5,3910,0.0
2023/3/3,2308,3963043,292.0,292.0,288.0,288.0,3849,-0.0052
2023/3/6,2308,7525112,291.5,293.0,289.5,290.0,5229,0.0069
2023/3/7,2308,19429277,292.5,307.0,291.0,301.5,14995,0.0397
2023/3/8,2308,7874680,302.5,303.0,296.5,298.5,14287,-0.01
2023/3/9,2308,4396144,299.0,301.0,295.0,295.5,3913,-0.0101
2023/3/10,2308,6629090,292.0,292.0,289.0,290.0,7898,-0.0186
2023/3/13,2308,4467466,290.0,292.0,286.5,292.0,4027,0.0069
2023/3/14,2308,9230272,287.0,288.0,284.0,285.0,9335,-0.024
2023/3/15,2308,4645723,288.5,291.5,287.5,289.0,3888,0.014
2023/3/16,2308,4002454,289.0,290.5,284.5,286.5,5186,-0.0087
2023/3/17,2308,5073788,287.0,288.5,286.0,286.5,4063,0.0
2023/3/20,2308,3047557,287.5,289.0,285.5,287.5,2933,0.0035
2023/3/21,2308,3500799,290.0,294.0,289.0,293.0,3845,0.0191
2023/3/22,2308,3997180,296.5,298.0,294.0,295.0,9169,0.0068
2023/3/23,2308,3933218,291.5,295.5,291.0,294.5,9096,-0.0017
2023/3/24,2308,8182395,297.0,301.5,295.0,300.5,7043,0.0204
2023/3/27,2308,6200182,300.0,301.0,297.0,300.0,5828,-0.0017
2023/3/28,2308,6578382,303.5,304.0,298.0,298.5,4837,-0.005
2023/3/29,2308,6444279,300.0,300.0,294.5,295.5,4733,-0.0101
2023/3/30,2308,4734399,297.5,298.0,294.0,295.5,2969,0.0
2023/3/31,2308,6186880,297.0,301.0,297.0,301.0,4285,0.0186
2023/4/6,2308,7698570,295.0,296.5,293.0,294.5,6996,-0.0216
2023/4/7,2308,3682143,294.0,296.5,292.5,294.0,3729,-0.0017
2023/4/10,2308,2585253,294.0,296.0,294.0,295.0,2418,0.0034
2023/4/11,2308,5497096,296.5,300.0,294.5,299.0,4725,0.0136
2023/4/12,2308,4240449,302.0,302.5,297.0,298.5,5741,-0.0017
2023/4/13,2308,5037307,300.0,301.0,297.5,300.5,4548,0.0067
2023/4/14,2308,21809352,303.5,323.5,303.5,314.5,22201,0.0466
2023/4/17,2308,7912307,315.5,315.5,308.0,310.0,9928,-0.0143
2023/4/18,2308,5328768,313.0,313.0,307.0,307.5,5193,-0.0081
2023/4/19,2308,7330361,308.0,310.5,304.5,305.5,6614,-0.0065
2023/4/20,2308,5392269,310.0,310.5,305.0,306.5,5159,0.0033
2023/4/21,2308,7302177,306.0,308.5,301.0,303.0,6799,-0.0114
2023/4/24,2308,3327871,300.0,302.5,298.0,302.5,3616,-0.0017
2023/4/25,2308,7313764,304.0,306.0,295.5,297.0,7414,-0.0182
2023/4/26,2308,11607032,297.0,297.0,290.0,294.0,9898,-0.0101
2023/4/27,2308,5594447,295.0,299.0,294.0,295.5,5075,0.0051
2023/4/28,2308,7434152,299.0,300.0,295.5,300.0,4357,0.0152
2023/5/2,2308,9789646,302.0,303.0,295.0,298.0,7790,-0.0067
2023/5/3,2308,3169154,300.0,300.5,297.0,298.5,3141,0.0017
2023/5/4,2308,5777319,299.5,305.5,299.0,304.0,4961,0.0184
2023/5/5,2308,4195903,301.0,303.5,299.0,303.0,4145,-0.0033
2023/5/8,2308,4119219,304.0,306.5,302.0,305.5,3969,0.0083
2023/5/9,2308,3173462,305.5,307.0,303.0,304.0,3276,-0.0049
2023/5/10,2308,3349404,307.0,307.0,300.0,301.5,3385,-0.0082
2023/5/11,2308,3547427,300.0,301.5,296.5,297.0,4648,-0.0149
2023/5/12,2308,5086906,296.0,298.0,293.0,297.5,4743,0.0017
2023/5/15,2308,4193096,295.0,302.5,295.0,300.5,3727,0.0101
2023/5/16,2308,4067570,300.5,302.0,298.0,300.5,3945,0.0
2023/5/17,2308,6923403,303.0,306.0,302.0,305.0,5391,0.015
2023/5/18,2308,7760909,307.0,309.5,306.0,306.5,5669,0.0049
2023/5/19,2308,6389994,309.0,309.5,305.0,306.5,4421,0.0
2023/5/22,2308,3623556,305.5,306.5,302.0,305.5,3648,-0.0033
2023/5/23,2308,3739832,305.0,305.5,301.5,302.5,3379,-0.0098
2023/5/24,2308,3214653,302.0,305.0,301.0,305.0,2588,0.0083
2023/5/25,2308,7524669,305.0,309.0,303.0,308.0,4657,0.0098
2023/5/26,2308,14899293,313.0,320.0,311.0,318.0,13418,0.0325
2023/5/29,2308,7553384,324.0,324.0,314.5,315.5,12580,-0.0079
2023/5/30,2308,5520276,314.0,315.5,312.0,314.0,7935,-0.0048
2023/5/31,2308,11194160,320.0,320.0,312.5,316.5,5236,0.008
2023/6/1,2308,5432290,316.5,317.5,312.0,316.5,3419,0.0
2023/6/2,2308,9424081,312.5,316.5,310.5,315.0,6384,-0.0047
2023/6/5,2308,7620849,319.0,320.0,316.0,319.5,5007,0.0143
2023/6/6,2308,5708915,318.5,319.5,315.5,316.0,5695,-0.011
2023/6/7,2308,13324131,319.0,329.5,318.0,328.5,12351,0.0396
2023/6/8,2308,10271572,331.0,331.0,323.0,325.0,14210,-0.0107
2023/6/9,2308,7441459,328.0,328.5,323.0,323.0,5348,-0.0062
2023/6/12,2308,16288071,327.0,343.0,325.5,336.0,13666,0.0402
2023/6/13,2308,18463875,342.0,348.0,335.0,343.0,15314,0.0208
2023/6/14,2308,20295142,347.0,356.5,346.0,353.0,16406,0.0292
2023/6/15,2308,22801004,362.0,373.0,358.0,370.0,20046,0.0482
2023/6/16,2308,29044254,375.0,385.0,371.0,371.5,23498,0.0041
2023/6/19,2308,13652251,367.0,378.0,363.5,375.5,13424,0.0108
2023/6/20,2308,12861764,371.0,374.5,368.5,369.0,11028,-0.0173
2023/6/21,2308,15108233,368.5,369.5,360.5,364.0,13359,-0.0136
2023/6/26,2308,18423078,347.5,358.0,346.0,348.0,19500,-0.044
2023/6/27,2308,10050101,346.0,353.5,345.0,345.0,9783,-0.0086
2023/6/28,2308,5813361,350.0,350.0,346.0,347.0,5005,0.0058
2023/6/29,2308,7963949,350.0,355.0,348.0,349.5,7781,0.0072
2023/6/30,2308,7880902,340.5,345.0,339.5,344.5,7522,-0.0143
2023/7/3,2308,14820956,347.0,366.0,345.0,362.5,14378,0.0522
2023/7/4,2308,10778736,364.5,370.5,358.0,367.0,10077,0.0124
2023/7/5,2308,7940165,364.0,369.5,363.0,366.0,7471,-0.0027
2023/7/6,2308,12127719,359.0,361.0,352.5,354.0,13332,-0.0328
2023/7/7,2308,8628641,347.0,352.0,346.5,348.0,9693,-0.0169
2023/7/10,2308,5654386,352.5,354.5,346.0,348.5,5906,0.0014
2023/7/11,2308,8013674,353.0,361.5,352.0,359.5,7837,0.0316
2023/7/12,2308,7463383,362.0,368.0,359.5,363.0,7100,0.0097
2023/7/13,2308,14699794,368.0,383.5,367.0,370.5,15140,0.0207
2023/7/14,2308,10209501,370.0,372.5,361.0,368.0,10538,-0.0067
2023/7/17,2308,6087153,367.0,370.5,364.5,368.5,6534,0.0014
2023/7/18,2308,7996505,370.0,376.5,363.0,365.5,8249,-0.0081
2023/7/19,2308,8698531,367.0,371.0,355.5,357.0,12293,-0.0233
2023/7/20,2308,3254312,358.0,359.0,356.5,356.5,3934,-0.0014
2023/7/21,2308,7315979,350.0,362.0,346.0,359.5,6835,0.0084
2023/7/24,2308,6395526,357.0,362.0,353.0,361.0,5973,0.0042
2023/7/25,2308,10658916,363.0,370.5,363.0,364.0,8276,0.0083
2023/7/26,2308,4797542,362.5,368.0,360.5,360.5,4993,-0.0096
2023/7/27,2308,4462797,358.0,364.0,357.5,358.5,5877,-0.0055
2023/7/28,2308,7813935,355.0,368.5,352.0,366.5,8767,0.0223
2023/7/31,2308,23859972,374.5,388.5,362.5,365.5,22600,-0.0027
2023/8/1,2308,16914591,377.0,382.0,362.0,372.5,15010,0.0192
2023/8/2,2308,25265818,375.0,382.0,358.0,361.0,26684,-0.0309
2023/8/4,2308,10975526,350.0,363.5,350.0,361.5,8692,0.0014
2023/8/7,2308,9357316,366.5,371.0,363.0,363.5,8073,0.0055
2023/8/8,2308,5077204,365.0,365.5,357.5,360.5,6467,-0.0083
2023/8/9,2308,4241283,358.0,360.0,355.0,357.5,6005,-0.0083
2023/8/10,2308,8225901,354.0,357.0,345.0,351.5,12173,-0.0168
2023/8/11,2308,7296831,352.0,359.0,352.0,357.0,6379,0.0156
2023/8/14,2308,5574632,351.5,353.5,348.0,350.5,7357,-0.0182
2023/8/15,2308,8269758,356.0,361.5,350.0,351.5,6744,0.0029
2023/8/16,2308,5789677,349.0,352.0,348.5,350.0,6547,-0.0043
2023/8/17,2308,8065595,347.5,350.0,343.5,348.0,9244,-0.0057
2023/8/18,2308,9967400,346.0,347.5,335.0,341.5,16979,-0.0187
2023/8/21,2308,3974044,342.5,345.0,339.0,343.0,4332,0.0044
2023/8/22,2308,5250878,346.5,349.5,344.5,349.5,5132,0.019
2023/8/23,2308,3854938,349.5,350.5,344.5,348.0,4049,-0.0043
2023/8/24,2308,8545311,352.0,357.5,350.5,357.0,7039,0.0259
2023/8/25,2308,5178209,352.0,352.0,345.5,345.5,7431,-0.0322
2023/8/28,2308,4626121,345.0,345.5,339.0,342.5,5804,-0.0087
2023/8/29,2308,5281908,341.5,346.5,340.5,346.5,4772,0.0117
2023/8/30,2308,4471238,350.0,350.5,346.0,346.5,3748,0.0
2023/8/31,2308,6097016,342.5,348.0,342.5,346.0,3049,-0.0014
2023/9/1,2308,3694459,349.0,349.0,343.0,346.0,3721,0.0
2023/9/4,2308,4043386,347.5,351.0,343.0,346.0,6287,0.0
2023/9/5,2308,3577755,348.0,349.0,346.0,348.5,3817,0.0072
2023/9/6,2308,6886689,350.0,350.0,345.0,345.0,6677,-0.01
2023/9/7,2308,5077160,343.5,346.5,341.5,343.0,5534,-0.0058
2023/9/8,2308,3633402,342.0,344.0,340.0,340.0,5610,-0.0087
2023/9/11,2308,6774596,340.0,340.5,330.0,331.5,14007,-0.025
2023/9/12,2308,5045975,330.0,334.0,330.0,332.5,6084,0.003
2023/9/13,2308,5152807,333.0,334.5,328.5,331.5,7492,-0.003
2023/9/14,2308,7947263,334.5,339.5,333.5,338.0,5266,0.0196
2023/9/15,2308,6571482,336.5,342.5,334.0,340.0,4518,0.0059
2023/9/18,2308,5235177,336.0,337.0,330.5,330.5,8367,-0.0279
2023/9/19,2308,4941995,332.0,333.0,328.0,330.5,7037,0.0
2023/9/20,2308,4440047,329.5,334.0,326.5,330.5,5111,0.0
2023/9/21,2308,8086104,329.5,329.5,321.0,325.0,10963,-0.0166
2023/9/22,2308,4295373,321.0,329.0,320.0,328.5,4734,0.0108
2023/9/25,2308,8180708,331.0,337.5,330.0,336.5,5446,0.0244
2023/9/26,2308,7176057,330.5,333.0,326.5,326.5,9908,-0.0297
2023/9/27,2308,8034273,323.0,325.0,321.0,323.0,8072,-0.0107
2023/9/28,2308,5702683,326.0,330.5,323.0,324.5,4945,0.0046
2023/10/2,2308,6821414,326.0,338.5,326.0,335.5,6242,0.0339
2023/10/3,2308,8611673,338.0,342.5,334.5,336.5,7680,0.003
2023/10/4,2308,5928246,332.0,335.5,327.0,333.0,9139,-0.0104
2023/10/5,2308,6274475,338.0,341.5,336.5,338.0,5140,0.015
2023/10/6,2308,3328114,339.0,340.0,337.5,337.5,3393,-0.0015
2023/10/11,2308,8932421,337.5,341.5,336.0,338.5,6709,0.003
2023/10/12,2308,5609581,339.0,339.5,335.0,336.0,4904,-0.0074
2023/10/13,2308,7698110,334.0,334.0,328.0,328.5,8352,-0.0223
2023/10/16,2308,5236813,325.0,328.0,324.5,325.0,5596,-0.0107
2023/10/17,2308,4214162,327.0,328.5,321.5,321.5,5141,-0.0108
2023/10/18,2308,5822570,320.0,321.5,317.5,317.5,8094,-0.0124
2023/10/19,2308,5761592,313.5,318.5,310.5,317.5,6171,0.0
2023/10/20,2308,15030641,312.0,312.5,307.5,309.0,13401,-0.0268
2023/10/23,2308,4180401,309.0,312.0,308.0,309.5,4029,0.0016
2023/10/24,2308,8010471,310.0,310.0,304.0,308.0,7725,-0.0048
2023/10/25,2308,8432280,308.0,309.5,303.0,305.5,9328,-0.0081
2023/10/26,2308,9253489,300.0,303.0,298.0,298.0,10514,-0.0245
2023/10/27,2308,7990977,297.0,301.5,294.5,295.0,11418,-0.0101
2023/10/30,2308,5094642,293.0,297.0,293.0,295.0,5950,0.0
2023/10/31,2308,9094155,295.0,298.5,289.5,290.5,10115,-0.0153
2023/11/1,2308,10773671,290.0,291.5,285.0,287.0,13799,-0.012
2023/11/2,2308,11188729,290.5,299.5,290.5,298.5,9393,0.0401
2023/11/3,2308,9217330,300.5,306.0,298.5,304.0,9306,0.0184
2023/11/6,2308,10003947,309.0,312.5,307.5,308.0,7852,0.0132
2023/11/7,2308,4671725,306.0,307.5,305.0,306.0,5908,-0.0065
2023/11/8,2308,7049133,299.0,303.0,298.5,301.0,7693,-0.0163
2023/11/9,2308,5990152,300.0,303.5,300.0,302.0,4373,0.0033
2023/11/10,2308,6727118,300.0,304.5,300.0,303.5,4125,0.005
2023/11/13,2308,4114746,301.5,304.5,299.5,299.5,5336,-0.0132
2023/11/14,2308,6291894,295.5,301.0,295.5,299.5,5962,0.0
2023/11/15,2308,9067610,305.0,309.0,301.5,306.5,6897,0.0234
2023/11/16,2308,5414256,304.5,310.0,304.0,305.0,4919,-0.0049
2023/11/17,2308,4081263,304.0,308.0,304.0,305.0,4006,0.0
2023/11/20,2308,4077824,303.5,308.0,303.0,306.0,3524,0.0033
2023/11/21,2308,5914132,308.0,311.0,306.5,310.5,5767,0.0147
2023/11/22,2308,3791991,307.0,310.5,307.0,307.5,4134,-0.0097
2023/11/23,2308,4653005,309.0,314.0,308.0,312.5,5498,0.0163
2023/11/24,2308,7526211,317.5,321.5,315.5,316.5,11392,0.0128
2023/11/27,2308,4202133,316.0,317.5,313.5,314.5,9370,-0.0063
2023/11/28,2308,7415181,313.5,320.5,310.5,318.5,5816,0.0127
2023/11/29,2308,6196288,322.5,322.5,316.0,317.0,9324,-0.0047
2023/11/30,2308,9905040,320.0,320.0,315.0,316.5,6727,-0.0016
2023/12/1,2308,4192034,316.0,320.0,313.5,319.5,3603,0.0095
2023/12/4,2308,3983239,319.5,321.5,317.0,320.5,5495,0.0031
2023/12/5,2308,8713802,314.5,316.5,310.0,310.5,9321,-0.0312
2023/12/6,2308,4444344,311.0,315.5,309.5,310.0,5043,-0.0016
2023/12/7,2308,3319334,309.0,313.0,309.0,311.0,3303,0.0032
2023/12/8,2308,3044923,313.5,314.0,311.5,312.5,3058,0.0048
2023/12/11,2308,4677517,310.5,314.0,308.5,310.5,4946,-0.0064
2023/12/12,2308,10905685,307.0,309.0,300.0,301.0,15708,-0.0306
2023/12/13,2308,7624915,300.0,303.0,300.0,303.0,7028,0.0066
2023/12/14,2308,5852685,305.0,308.0,304.0,305.5,6849,0.0083
2023/12/15,2308,13196218,314.0,317.0,310.5,313.0,9517,0.0245
2023/12/18,2308,6258948,311.0,313.0,307.0,307.0,14783,-0.0192
2023/12/19,2308,5833231,307.0,307.0,302.0,302.5,6501,-0.0147
2023/12/20,2308,5045647,304.0,307.0,303.5,305.5,4337,0.0099
2023/12/21,2308,2449664,304.5,305.0,302.5,303.5,2890,-0.0065
2023/12/22,2308,2996401,305.5,308.5,305.0,305.5,3256,0.0066
2023/12/25,2308,1846175,306.5,308.0,304.5,306.5,2436,0.0033
2023/12/26,2308,4875000,308.5,311.5,307.0,310.5,5085,0.0131
2023/12/27,2308,4800914,312.0,313.5,311.5,313.0,6412,0.0081
2023/12/28,2308,4667759,314.0,314.5,312.0,313.0,4985,0.0
2023/12/29,2308,3842486,312.0,313.5,310.5,313.5,4020,0.0016
2024/1/2,2308,4352094,311.0,312.5,309.0,310.0,4702,-0.0112
2024/1/3,2308,5343505,308.0,308.5,303.0,304.5,7711,-0.0177
2024/1/4,2308,2746942,304.0,305.5,303.5,304.0,3125,-0.0016
2024/1/5,2308,3836322,304.5,308.0,304.0,304.5,4076,0.0016
2024/1/8,2308,2762611,306.0,309.0,305.5,306.0,3132,0.0049
2024/1/9,2308,13315661,307.0,307.5,295.5,295.5,24685,-0.0343
2024/1/10,2308,13200940,290.5,293.5,287.5,291.0,17314,-0.0152
2024/1/11,2308,7819550,290.0,295.0,290.0,293.0,8872,0.0069
2024/1/12,2308,4737498,292.5,294.5,291.0,293.5,6034,0.0017
2024/1/15,2308,4713370,297.0,298.0,293.0,295.5,6167,0.0068
2024/1/16,2308,12909551,292.5,292.5,288.5,289.5,19230,-0.0203
2024/1/17,2308,17889083,284.0,286.0,279.5,279.5,27089,-0.0345
2024/1/18,2308,11575276,279.5,281.5,276.5,277.0,16091,-0.0089
2024/1/19,2308,8464560,279.0,286.0,279.0,285.0,8206,0.0289
2024/1/22,2308,12166573,288.0,292.5,287.5,291.0,12060,0.0211
2024/1/23,2308,8586524,293.0,294.0,291.0,293.5,8672,0.0086
2024/1/24,2308,6045798,295.0,295.0,289.0,289.0,9286,-0.0153
2024/1/25,2308,9581172,286.0,288.5,284.0,284.0,14220,-0.0173
2024/1/26,2308,5561061,281.5,290.0,281.5,287.5,5841,0.0123
2024/1/29,2308,5073517,289.5,293.0,288.0,293.0,5491,0.0191
2024/1/30,2308,8746243,289.0,291.0,286.0,286.0,14751,-0.0239
2024/1/31,2308,13287835,282.0,284.0,280.0,280.0,18278,-0.021
2024/2/1,2308,7066946,282.0,285.0,281.5,285.0,12139,0.0179
2024/2/2,2308,5289846,287.0,289.0,286.0,286.0,6552,0.0035
2024/2/5,2308,6106707,283.5,288.5,282.5,287.5,6146,0.0052
2024/2/15,2308,19721647,293.5,293.5,282.0,284.5,16850,-0.0104
2024/2/16,2308,9407600,286.0,292.5,286.0,291.5,9535,0.0246
2024/2/19,2308,5961549,293.0,295.0,291.0,292.0,7617,0.0017
2024/2/20,2308,4407718,290.5,293.5,290.5,292.5,5539,0.0017
2024/2/21,2308,5320711,289.0,291.5,288.5,291.0,5618,-0.0051
2024/2/22,2308,4660197,291.0,294.0,291.0,293.5,5108,0.0086
2024/2/23,2308,9220841,294.0,295.0,292.0,292.5,9842,-0.0034
2024/2/26,2308,3863805,291.5,295.0,291.0,295.0,7196,0.0085
2024/2/27,2308,8126901,293.5,294.0,287.5,289.0,10825,-0.0203
2024/2/29,2308,8897414,288.0,294.5,287.0,294.5,6062,0.019
2024/3/1,2308,5261618,295.0,295.5,291.0,293.5,9378,-0.0034
2024/3/4,2308,16757317,295.0,297.0,293.5,293.5,12472,0.0
2024/3/5,2308,10178397,292.0,294.0,289.0,290.5,11495,-0.0102
2024/3/6,2308,8373571,290.0,296.5,289.0,295.0,8186,0.0155
2024/3/7,2308,10244783,296.5,300.0,296.0,297.0,11163,0.0068
2024/3/8,2308,35531756,296.5,314.5,296.5,312.0,40187,0.0505
2024/3/11,2308,13046049,312.5,313.0,304.0,308.0,28800,-0.0128
2024/3/12,2308,12016493,310.0,317.5,309.0,312.5,12749,0.0146
2024/3/13,2308,13767665,316.5,317.5,312.5,314.5,12870,0.0064
2024/3/14,2308,9446357,316.5,316.5,309.5,310.5,19808,-0.0127
2024/3/15,2308,13079318,307.0,308.5,301.5,303.0,11870,-0.0242
2024/3/18,2308,6387946,304.0,306.5,303.0,306.0,6406,0.0099
2024/3/19,2308,20822556,303.5,322.0,303.5,320.0,21880,0.0458
2024/3/20,2308,13863971,320.0,323.5,314.5,316.0,26034,-0.0125
2024/3/21,2308,35792253,317.0,338.0,317.0,338.0,37128,0.0696
2024/3/22,2308,67165825,348.0,365.0,347.5,358.0,60287,0.0592
2024/3/25,2308,21460185,362.0,365.0,350.5,352.5,24429,-0.0154
2024/3/26,2308,22597917,350.0,352.0,339.0,343.5,22283,-0.0255
2024/3/27,2308,13583986,349.0,352.0,337.5,341.5,15042,-0.0058
2024/3/28,2308,9263715,339.0,347.0,338.5,342.5,10728,0.0029
2024/3/29,2308,12641566,346.5,353.5,340.5,341.0,13259,-0.0044
2024/4/1,2308,12508998,343.5,346.0,333.0,334.5,16322,-0.0191
2024/4/2,2308,9009861,334.5,339.5,329.0,338.0,10983,0.0105
2024/4/3,2308,6394977,332.0,335.0,331.0,332.0,8247,-0.0178
2024/4/8,2308,10923707,336.0,341.5,332.5,334.0,10459,0.006
2024/4/9,2308,5702074,335.0,337.5,330.0,334.0,7765,0.0
2024/4/10,2308,6887055,334.5,336.0,328.0,328.0,11933,-0.018
2024/4/11,2308,14689158,323.5,324.0,315.5,319.5,21253,-0.0259
2024/4/12,2308,8473224,317.0,322.0,316.0,317.0,15080,-0.0078
2024/4/15,2308,9895066,312.0,313.5,307.5,308.0,15471,-0.0284
2024/4/16,2308,17314336,305.0,306.0,292.5,293.0,31085,-0.0487
2024/4/17,2308,10465859,297.5,301.0,294.5,300.5,11532,0.0256
2024/4/18,2308,14051825,300.0,312.5,298.5,309.0,12911,0.0283
2024/4/19,2308,14118411,305.0,311.0,295.0,298.5,19436,-0.034
2024/4/22,2308,7920560,300.5,303.0,294.0,300.0,16769,0.005
2024/4/23,2308,7971470,303.0,304.5,295.0,297.5,12217,-0.0083
2024/4/24,2308,6575893,300.0,305.0,298.5,304.0,7034,0.0218
2024/4/25,2308,10024949,303.0,311.0,301.0,306.0,9694,0.0066
2024/4/26,2308,13740713,309.0,319.0,304.0,315.0,19910,0.0294
2024/4/29,2308,12177453,320.5,323.5,317.0,321.0,22083,0.019
2024/4/30,2308,9318744,320.0,326.0,318.0,320.5,10403,-0.0016
2024/5/2,2308,12421500,309.5,313.5,305.0,309.5,39234,-0.0343
2024/5/3,2308,22135377,319.5,333.5,319.0,327.5,21422,0.0582
2024/5/6,2308,13564810,336.0,336.0,319.5,322.0,32617,-0.0168
2024/5/7,2308,6600352,322.5,326.5,320.0,326.0,8791,0.0124
2024/5/8,2308,5600059,325.0,326.5,320.0,321.0,19646,-0.0153
2024/5/9,2308,4651295,320.0,326.5,320.0,323.0,5318,0.0062
2024/5/10,2308,6730152,321.5,323.5,318.0,319.0,8597,-0.0124
2024/5/13,2308,7197809,316.0,318.0,313.5,316.5,7410,-0.0078
2024/5/14,2308,4012070,318.0,320.0,315.0,316.0,5349,-0.0016
2024/5/15,2308,6514869,319.0,324.0,317.5,319.0,7899,0.0095
2024/5/16,2308,4671427,322.0,324.0,319.0,320.0,6047,0.0031
2024/5/17,2308,6882003,320.0,326.0,319.0,322.5,7532,0.0078
2024/5/20,2308,8024199,322.5,324.0,317.0,318.0,12154,-0.014
2024/5/21,2308,3563180,318.5,322.5,318.0,318.5,3779,0.0016
2024/5/22,2308,8933880,321.0,329.0,319.0,327.5,10846,0.0283
2024/5/23,2308,11364656,327.5,335.0,325.5,329.5,20645,0.0061
2024/5/24,2308,7969744,327.0,332.5,325.0,328.0,10926,-0.0046
2024/5/27,2308,18759638,332.0,348.5,331.0,346.0,19687,0.0549
2024/5/28,2308,14892593,353.0,354.0,346.0,346.5,14079,0.0014
2024/5/29,2308,10778936,343.5,351.0,340.5,341.5,10404,-0.0144
2024/5/30,2308,9934939,335.5,336.0,330.0,330.0,18406,-0.0337
2024/5/31,2308,20660445,332.0,334.5,324.0,325.0,8944,-0.0152
2024/6/3,2308,9228642,332.5,340.0,328.5,337.0,9679,0.0369
2024/6/4,2308,11530970,342.0,345.0,334.0,336.5,9929,-0.0015
2024/6/5,2308,13412683,337.5,347.0,336.5,346.0,12433,0.0282
2024/6/6,2308,10532422,351.5,352.0,343.5,345.0,11461,-0.0029
2024/6/7,2308,8054673,343.0,345.0,339.0,345.0,8952,0.0
2024/6/11,2308,11222129,335.0,343.0,332.0,340.5,10531,-0.013
2024/6/12,2308,10689870,342.5,351.5,342.5,344.0,9251,0.0103
2024/6/13,2308,15171539,348.0,354.0,341.5,353.5,15186,0.0276
2024/6/14,2308,9885548,357.0,357.5,350.0,353.5,8815,0.0
2024/6/17,2308,15327707,358.5,362.5,349.0,352.0,14274,-0.0042
2024/6/18,2308,11262783,345.5,351.5,343.5,348.0,11694,-0.0114
2024/6/19,2308,27860184,358.0,371.0,356.5,367.0,26558,0.0546
2024/6/20,2308,16308464,368.5,371.0,364.0,369.5,13006,0.0068
2024/6/21,2308,29038438,367.0,387.5,363.0,383.0,24397,0.0365
2024/6/24,2308,15147813,378.0,382.0,372.5,376.5,15298,-0.017
2024/6/25,2308,19788113,375.0,391.5,369.5,387.0,19340,0.0279
2024/6/26,2308,14089707,387.0,392.5,383.5,385.0,14588,-0.0052
2024/6/27,2308,8337145,383.0,387.5,381.0,386.5,7817,0.0039
2024/6/28,2308,14760322,388.0,396.0,387.0,387.5,12816,0.0026
2024/7/1,2308,8321690,388.5,396.0,385.0,390.5,8732,0.0077
2024/7/2,2308,10649997,384.0,388.5,382.0,383.0,11842,-0.0192
2024/7/3,2308,10939685,383.0,386.0,377.0,379.5,16067,-0.0091
2024/7/4,2308,8523479,382.0,388.0,379.5,382.0,8840,0.0066
2024/7/5,2308,11967073,385.0,392.5,384.0,387.0,10674,0.0131
2024/7/8,2308,20071115,385.5,404.0,385.0,402.0,17740,0.0388
2024/7/9,2308,20885906,400.0,413.0,396.0,410.0,18977,0.0199
2024/7/10,2308,17336525,412.5,422.5,410.0,420.5,17679,0.0256
2024/7/11,2308,15021720,420.5,435.0,416.5,434.0,16957,0.0321
2024/7/12,2308,11872825,423.5,428.0,420.0,422.0,16268,-0.0276
2024/7/15,2308,10193663,421.0,424.0,412.0,415.0,13374,-0.0166
2024/7/16,2308,9332116,408.0,417.5,408.0,412.5,10332,-0.006
2024/7/17,2308,8443533,410.0,415.0,407.0,411.0,11051,-0.0036
2024/7/18,2308,12856987,399.0,405.0,396.0,401.5,14373,-0.0231
2024/7/19,2308,9944168,396.0,403.0,393.5,399.0,11143,-0.0062
2024/7/22,2308,17362035,394.5,396.0,372.0,373.5,21232,-0.0639
2024/7/23,2308,10434179,380.0,391.0,378.5,389.5,10147,0.0428
2024/7/26,2308,17065929,371.0,390.0,369.0,388.0,14380,-0.0039
2024/7/29,2308,12622483,397.5,405.0,393.0,396.0,11951,0.0206
2024/7/30,2308,9224338,396.0,400.0,389.0,400.0,9735,0.0101
2024/7/31,2308,18238394,403.0,418.0,400.0,414.5,16829,0.0362
2024/8/1,2308,22778657,423.0,427.0,415.0,424.0,20531,0.0229
2024/8/2,2308,21987561,392.5,405.0,389.0,390.0,29724,-0.0802
2024/8/5,2308,22994417,351.0,360.0,351.0,351.0,28524,-0.1
2024/8/6,2308,23043045,370.0,377.0,347.0,373.0,22661,0.0627
2024/8/7,2308,15361655,375.0,389.0,373.5,379.5,18131,0.0174
2024/8/8,2308,14078142,380.0,386.5,373.5,377.0,13895,-0.0066
2024/8/9,2308,15005116,383.5,397.5,383.5,387.5,14553,0.0279
2024/8/12,2308,13576313,404.0,407.0,395.0,399.0,13735,0.0297
2024/8/13,2308,6290770,405.5,406.0,396.0,399.5,8340,0.0013
2024/8/14,2308,9198697,405.0,412.5,402.5,409.0,10308,0.0238
2024/8/15,2308,7347294,413.5,413.5,406.0,409.0,7268,0.0
2024/8/16,2308,9200703,416.0,417.0,409.0,411.0,8677,0.0049
2024/8/19,2308,6665051,407.0,410.5,404.0,404.5,7959,-0.0158
2024/8/20,2308,5780027,408.0,412.0,402.0,402.5,7155,-0.0049
2024/8/21,2308,11486554,399.0,407.0,397.0,400.0,9721,-0.0062
2024/8/22,2308,4430450,400.0,403.5,399.5,402.0,4338,0.005
2024/8/23,2308,4649801,400.0,403.0,396.5,402.0,4695,0.0
2024/8/26,2308,6503974,405.0,408.0,394.0,395.0,8294,-0.0174
2024/8/27,2308,3192222,391.0,400.0,390.5,400.0,4015,0.0127
2024/8/28,2308,3159735,400.0,400.5,394.5,400.5,3898,0.0012
2024/8/29,2308,3944898,394.0,400.0,392.5,397.5,5282,-0.0075
2024/8/30,2308,10063809,403.0,405.5,399.5,399.5,4994,0.005
2024/9/2,2308,7413924,405.0,405.0,392.0,394.5,6906,-0.0125
2024/9/3,2308,6066872,394.5,397.0,392.0,392.5,5660,-0.0051
2024/9/4,2308,13226059,372.5,379.0,364.0,372.0,19108,-0.0522
2024/9/5,2308,8221395,375.0,381.0,368.5,369.0,9490,-0.0081
2024/9/6,2308,7832985,370.5,377.0,369.0,375.5,6058,0.0176
2024/9/9,2308,9876385,359.0,366.0,358.5,362.5,13221,-0.0346
2024/9/10,2308,7432986,366.5,371.5,365.5,369.0,6731,0.0179
2024/9/11,2308,8514514,365.0,369.0,360.5,364.5,7909,-0.0122
2024/9/12,2308,9317959,377.0,389.5,376.0,389.0,10463,0.0672
2024/9/13,2308,4880751,392.5,392.5,382.0,385.0,5738,-0.0103
2024/9/16,2308,4104019,385.0,389.0,381.0,385.5,3968,0.0013
2024/9/18,2308,9165277,381.0,385.0,376.5,380.0,7338,-0.0143
2024/9/19,2308,7321703,382.5,391.5,382.5,391.5,7012,0.0303
2024/9/20,2308,9377882,395.0,397.5,387.0,387.0,7437,-0.0115
2024/9/23,2308,5102479,392.5,393.5,389.0,390.5,4436,0.009
2024/9/24,2308,3933449,390.5,397.0,387.0,397.0,4926,0.0166
2024/9/25,2308,8739750,395.0,401.5,395.0,398.0,9129,0.0025
2024/9/26,2308,7688086,394.0,399.0,394.0,396.0,7114,-0.005
2024/9/27,2308,10223004,398.0,404.0,397.5,400.0,8959,0.0101
2024/9/30,2308,8858681,389.5,395.0,380.5,380.5,11650,-0.0488
2024/10/1,2308,5988958,379.5,388.0,379.5,384.5,5757,0.0105
2024/10/4,2308,19998727,372.0,376.5,366.0,366.0,26214,-0.0481
2024/10/7,2308,16223402,371.5,377.5,363.5,372.5,15544,0.0178
2024/10/8,2308,10805050,371.0,382.0,370.0,382.0,8893,0.0255
2024/10/9,2308,9432998,387.0,387.5,379.0,381.5,8296,-0.0013
2024/10/11,2308,5922762,381.0,386.5,378.5,380.0,6434,-0.0039
2024/10/14,2308,6674065,376.5,389.0,376.5,387.5,6964,0.0197
2024/10/15,2308,12290154,388.0,400.5,387.5,398.5,13202,0.0284
2024/10/16,2308,9668211,393.0,396.0,387.0,389.0,11932,-0.0238
2024/10/17,2308,7042283,394.5,394.5,385.5,392.0,5626,0.0077
2024/10/18,2308,13313219,397.0,405.0,395.0,402.0,13790,0.0255
2024/10/21,2308,5461118,403.0,404.0,397.5,400.0,6040,-0.005
2024/10/22,2308,6391484,400.0,404.5,396.0,404.5,5897,0.0112
2024/10/23,2308,3546282,400.0,401.5,397.0,398.5,4321,-0.0148
2024/10/24,2308,5462187,395.0,398.5,393.5,393.5,5199,-0.0125
2024/10/25,2308,6743665,393.0,402.0,393.0,402.0,6624,0.0216
2024/10/28,2308,8839968,404.0,413.0,401.5,405.0,9567,0.0075
2024/10/29,2308,8861027,401.5,406.0,396.5,406.0,6962,0.0025
2024/10/30,2308,15484584,407.0,407.5,399.0,404.0,9059,-0.0049
2024/11/1,2308,13680516,381.0,396.0,381.0,390.5,16392,-0.0334
2024/11/4,2308,8853431,388.0,395.0,388.0,395.0,7077,0.0115
2024/11/5,2308,5889730,392.0,403.0,391.0,398.5,5516,0.0089
2024/11/6,2308,7390256,396.0,403.0,395.0,403.0,6973,0.0113
2024/11/7,2308,6476590,403.0,403.0,397.0,399.0,5779,-0.0099
2024/11/8,2308,7875153,400.0,403.0,398.0,400.0,4851,0.0025
2024/11/11,2308,8120403,400.0,402.0,396.5,401.0,4386,0.0025
2024/11/12,2308,12787890,400.0,409.0,395.5,397.0,12924,-0.01
2024/11/13,2308,6338390,392.0,397.0,391.5,393.5,8216,-0.0088
2024/11/14,2308,7491836,395.0,395.5,386.0,389.0,9970,-0.0114
2024/11/15,2308,5194661,392.0,393.5,386.0,386.0,6524,-0.0077
2024/11/18,2308,4289267,386.5,389.0,383.5,386.5,5069,0.0013
2024/11/19,2308,5237868,385.0,388.0,382.0,388.0,5732,0.0039
2024/11/20,2308,6252197,389.0,391.5,384.5,386.5,6010,-0.0039
2024/11/21,2308,10390549,380.0,382.5,376.0,381.0,14760,-0.0142
2024/11/22,2308,9438777,386.0,394.0,386.0,394.0,7075,0.0341
2024/11/25,2308,11345997,397.0,400.0,393.5,393.5,4760,-0.0013
2024/11/26,2308,3585059,391.0,393.0,387.5,387.5,3757,-0.0152
2024/11/27,2308,2766208,386.0,393.0,386.0,386.0,3850,-0.0039
2024/11/28,2308,5118220,386.0,388.0,378.5,384.0,6830,-0.0052
2024/11/29,2308,6491721,376.5,386.0,374.5,381.0,5864,-0.0078
2024/12/2,2308,2892538,386.0,391.0,386.0,388.5,3339,0.0197
2024/12/3,2308,4861327,391.0,394.0,390.0,391.0,4449,0.0064
2024/12/4,2308,3429329,393.0,395.0,390.0,395.0,3548,0.0102
2024/12/5,2308,5217635,396.5,398.5,391.5,391.5,4905,-0.0089
2024/12/6,2308,6599150,389.0,399.5,389.0,399.0,8291,0.0192
2024/12/9,2308,8009179,399.0,406.5,398.0,405.0,10807,0.015
2024/12/10,2308,8313893,404.5,404.5,398.5,403.0,5992,-0.0049
2024/12/11,2308,13688502,403.0,418.0,401.5,414.5,17864,0.0285
2024/12/12,2308,9736640,412.0,421.0,412.0,417.0,9857,0.006
2024/12/13,2308,15401042,421.5,432.5,418.5,423.0,15309,0.0144
2024/12/16,2308,9332521,426.0,429.5,421.5,426.0,10234,0.0071
2024/12/17,2308,8484705,418.5,425.0,416.0,419.5,9737,-0.0153
2024/12/18,2308,6394787,414.5,425.5,414.5,425.5,6632,0.0143
2024/12/19,2308,7102887,415.0,419.5,413.0,416.5,8202,-0.0212
2024/12/20,2308,9115312,408.0,417.5,407.0,412.0,11780,-0.0108
2024/12/23,2308,5535592,420.0,425.0,417.0,420.0,5648,0.0194
2024/12/24,2308,5638467,421.0,427.5,420.0,425.5,6577,0.0131
2024/12/25,2308,2048258,425.0,427.0,419.5,422.5,3613,-0.0071
2024/12/26,2308,2595616,423.0,428.0,422.5,428.0,4470,0.013
2024/12/27,2308,3192074,426.0,433.0,425.5,431.5,5143,0.0082
2024/12/30,2308,5097682,431.0,438.0,429.5,434.5,6751,0.007
2024/12/31,2308,3753593,430.0,433.5,428.0,430.5,4521,-0.0092
